http://metamskwallt.webador.com/,MÃ«taMaskÂ® WalletÂ® | Ex_change The Ã‡rypto Wallet
https://atomicallete.webador.com/,Atomic wallet - us
https://atomicallete.webador.com/,Atomic wallet | us
https://bitfinexlogin.webador.com/,Bitfinex Login | Bitcoin Trading
https://bitfinxlogin.webador.com/,Bitfineâ‚“ Login | Crypâ‚œÌ²ocurrency Exchange | Bitcoiâ‚™Ì² Trading
https://bolofilogin.webador.com/,BlÃ³ckFi Login | My *Blockfi Account
https://criptocomalogin.webador.com/,Crypto.Com Lğ—¼ğ—´iğ’ - Sign|ğ’¾ğ“ƒ Crypto.Com
https://criptodotcomlogin.webador.com/,Crypto.com Login : The Future of Money
https://ecoterra-logi.webador.com/,Ecoterra Login
https://ecoterra-logi.webador.com/,Ecoterra (ECOTERRA): Buy, Sell and Margin Trade Bitcoin (BTC) Official Site
https://ecoterra-login.webador.com/,Ecoterra Login
https://ecoterra-login.webador.com/,Ecoterra (ECOTERRA): Buy, Sell and Margin Trade Bitcoin (BTC) Official Site
https://ecoterralogin.webador.com/,Ecoterra (ECOTERRA): Buy, Sell and Margin Trade Bitcoin (BTC) Official ...
https://geminilloginn.webador.com/,Æ“emini_Logiáµ°* Buy, Sell* Trade Crypto - (Official website)
https://itrestcapitalogin.webador.com/,iTrÌ¾uÌ¾stCÌ¾apitÌ¾al LoÌ¾ginÌ¾: AcÌ¾ceÌ¾ssinÌ¾g Your Digital Asset
https://itrestcaptiellogin.webador.com/,iTrÌ¾ustCapital LoÌ¾gin: Accessing Your Digital Asset
https://itrestcaptielogin.webador.com/,iTrÌ¾ustCapitÌ¾al LoÌ¾ginÌ¾: Accessing Your Digital Asset
https://itrestcaptielogin.webador.com/,Webador - iTrÌ¾ustCapitÌ¾al LoÌ¾ginÌ¾: Accessing Your Digital Asset
https://itruistcapitelogin.webador.com/,iTrÌ¾uÌ¾stCÌ¾apitÌ¾al LoÌ¾ginÌ¾: AcÌ¾ceÌ¾ssinÌ¾g Your Digital Asset
https://itrustacpitallogin.webador.com/,iTrustCapital | The #1 Crypto IRA Retirement Platform | iTrustCapital
https://itrustacpitallogin.webador.com/,Webador - iTrustCapital | The #1 Crypto IRA Retirement Platform
https://itrustcapetallogin.webador.com/,iTrustCapital Login: The Best Way to Invest in Your IRA
https://itrustcapetallogn.webador.com/,iTrustCapital Login : The Online Investment Platform
https://itrustcapitaellogin.webador.com/,iTrustCapitalÂ® Login - Log In to My - Account (official Website)
https://itrustcapital-log.webador.com/,iTrË·ustCË·apitË·al LoË·gin: UnË·locË·king tË·he WoË·rld oË·f DigË·ital AssË·et
https://itrustcapitalilogin.webador.com/,iTrÌ¾uÌ¾stCÌ¾apitÌ¾al LoÌ¾ginÌ¾: AcÌ¾ceÌ¾ssinÌ¾g Your Digital Asset
https://itrustcapitallgin.webador.com/,iTrustCapital Login | Accessing Your Digital Asset
https://itrustcapitallginus.webador.com/,iTrust capital Login | Access your Account
https://itrustcapitelelogin.webador.com/,iTrustCapital Login - The #1Crypto IRA Retirement Platform Official Site
https://itrustcaptalogin.webador.com/,iTrustCapital | The #1 Crypto IRA Retirement Platform
https://itrustcaptalogin.webador.com/,iTrustCapital Login | The #1 Crypto IRA Retirement Platform
https://itrustcpitallogin.webador.com/,iTrË·ustCË·apitË·al LoË·gin: UnË·locË·king tË·he WoË·rld oË·f DigË·ital AssË·et
https://itrustecapiitalllogin.webador.com/,iTrustCapital Login | Accessing Your Digital Asset
https://itrustiacapitalogin.webador.com/,ITrust capital Login | Access your Account
https://itrustiscapitalogin.webador.com/,iTrÌ¾uÌ¾stCÌ¾apitÌ¾al LoÌ¾ginÌ¾: AcÌ¾ceÌ¾ssinÌ¾g Your Digital Asset
https://itrusttcapitallogini.webador.com/,iTrÌ¾uÌ¾stCÌ¾apitÌ¾al LoÌ¾ginÌ¾: AcÌ¾ceÌ¾ssinÌ¾g Your Digital Asset
https://iturestcapitallogin.webador.com/,ITrust capital Login | Access your Account
https://ituset-capitallogin.webador.com/,iTrustCapital Login - Crypto &amp; Retirement Education|iTrustCapital
https://itusetcapitieallogin.webador.com/,iTrust Capital Login | Accessğ—‚Ì²ğ—‡Ì²ğ—€Ì² your digital Assest
https://itust-capitaellogin.webador.com/,iTrustCapital Login - Crypto &amp; Retirement Education|iTrustCapital
https://itustcaapiitealleogin.webador.com/,iTrustCapital* Login - Login &amp; Account Information
https://itustcapitealleogin.webador.com/,iTrustCapital | The #1 Crypto IRA Retirement Platform
https://kucoineloginne.webador.com/,Kuğ‚oin* Login | Crypto Exchange | Bitcoin Exchange | Bitcoin Trading
https://kukooinelogin.webador.com/,Kucoin Login: Accessing Your Kucoin Account
https://ledgeerwallet.webador.com/,Ledger wallet | State-of-the-art security for crypto assets
https://ledgerwalleet.webador.com/,Ledger wallet | Sign In
https://ledgerwallet.webador.com/,Ledger wallet | State-of-the-art security for crypto assets
https://loginbitkub.webador.com/,Bitkub | Login - Login | Bitkub
https://loginuitrustcapitel.webador.com/,iTrÌ¾ustCapital LoÌ¾gin: Accessing Your Digital Asset
https://metamaskochromeoextension.webador.com/,Metamask Chrome Extension: Seamlessly Embrace Decentralized Finance
https://metamaskoextensiono.webador.com/,Metamask Extension | Empowering Your Journey into Decentralized Finance
https://metatamasklloginer.webador.com/,MetamaskÂ® Login | A Gateway to Secure and User
https://ndaxlogix.webador.com/,NDAX | Buy Bitcoin in Canada - Canadian Crypto Exchange Official Site
https://ndaxlogix.webador.com/,NDAX | Buy Bitcoin in Canada | Canadian Crypto Exchange Official Site
https://phantomowalleto.webador.com/,Phantom Wallet: Unleashing the Power of Solana Blockchain
https://robihinhoodlogin.webador.com/,Login - RÃ³binhoodÂ® Login
https://robiinhodlogin-us.webador.com/,Robinhood Log In Stocks &amp; Crypto - Apps
https://robinihoodalogin.webador.com/,Robinhood.com LoginÂ® - (Official Website)
https://rrabinhudslogin.webador.com/,Log In - RÈbinhoodÂ® - Sign in to my account (official website)
https://swissborglogin.webador.com/,SwissBorg Login - The CHSB token power and utilities
https://terezorwallet.webador.com/,Trezor Wallet | The Secure Hardware (Wallet)
https://traezorwallet.webador.com/,Trezor | Wallet
https://traezorwallet.webador.com/,Trezor Wallet
https://tredzorwallet.webador.com/,Trezor Hardware Wallet (Official) | Bitcoin &amp; Crypto Securit
https://trezarwallet.webador.com/,Trezor $ Wallet | The #1 Secure Hardware Wallet
https://trezoriwallet.webador.com/,Trezor** - Wallet - The Secure Hardware Wallet
https://trezorrwallet.webador.com/,Trezor $ Wallet | The Most Secure Hardware Wallet
https://trezorwalleted.webador.com/,Trezor Wallet|The Secure Hardware Wallet
https://trezorwalleted.webador.com/,Trezor Wallet | The Secure Hardware Wallet
https://trezzorwallete.webador.com/,Trezor Wallet* - Trezor Hardware Wallet (Official*
https://trezzorwallete.webador.com/,Trezor Wallet* | Trezor Hardware Wallet (Official*
https://trustcapitallogini.webador.com/,iTrÌ¾uÌ¾stCÌ¾apitÌ¾al LoÌ¾ginÌ¾: AcÌ¾ceÌ¾ssinÌ¾g Your Digital Asset
