https://allbridgeio.wordpress.com/,Allbridge : The best cross-chain bridging solution provider ...
https://androidwallet.wordpress.com/,android wallet
https://atomaiwallet.wordpress.com/,Atomic Wallet Extension for Chrome and Firefox
https://atomiccdwallet.wordpress.com/,AtÅ‘mic Wğ—®llet - ExchÇ»nge in One Crypto allet -us - Atomic wallet
https://atomiccswallet.wordpress.com/,About us | Atomic Wallet - Atomic wallet
https://atomicdexwallett.wordpress.com/,AtomicDEX Wallet: A Seamless Blend of Security and Innovation
https://atomicewallot.wordpress.com/,Atomic Wğ—®llet - Exchange in One Crypto Wallet
https://atomicextensionwallet.wordpress.com/,Atomic Wallet Extension
https://atomickswalleta.wordpress.com/,Atomic Wallet Stake and Exchange$ in One Crypto*}
https://atomicowallet1.wordpress.com/,Atomic Wallet - Buy, Stake and Exchange in One Crypto Wallet
https://atomicvcwallet.wordpress.com/,Atomic Wğ—®llet - Exchange in One Crypto Wallet - Atomic wallet
https://atomicwaaletextensions.wordpress.com/,Download Atomic Wallet Extension | Official Website
https://atomicwalat.wordpress.com/,Atomic Wallet : Crypto Wallet
https://atomicwalet.wordpress.com/,Atomic Wallet : Crypto Wallet
https://atomicwaletextlogi.wordpress.com/,Atomic@ Wallet | Getting Started: Wallet Extension
https://atomicwaletexxtuslogi.wordpress.com/,Browser Atomic Wallet Browser Extension
https://atomicwallesn.wordpress.com/,Atomic Wallet| Secure Wallet| Crypto Exchange| - Atomic Wallet
https://atomicwalletext.wordpress.com/,Atomic Wallet Extension
https://atomicwalletextenlogi.wordpress.com/,Atomic Wallet Extension | Getting Started: Wallet Extension
https://atomicwalletextension.wordpress.com/,Download Atomic Wallet Extension | Official Website
https://atomicwalletextensionlogin.wordpress.com/,Download Atomic Wallet Extension | Official Website
https://atomicwalletextensionloginus.wordpress.com/,Atomic wallet Extension Desktop Chrome - Extension
https://atomicwalletextensionofficial.wordpress.com/,Download AtomicÂ® Wallet Extension | Official Site
https://atomicwalletextensions.wordpress.com/,Download Atomic Wallet Extension | Official Website
https://atomicwalletextensionus.wordpress.com/,Atomic Wallet Extension
https://atomicwalletextensionx.wordpress.com/,Download Atomic Wallet Extension | Official Website
https://atomicwalletextlogi.wordpress.com/,Atomic Wallet Extension for Chrome and Firefox | Official Site
https://atomicwalletextlogii.wordpress.com/,Download AtomicÂ® Wallet Extension | Official Site
https://atomicwalletextlogin.wordpress.com/,Atomic Wallet Extension Download | Official Website
https://atomicwalletextsso.wordpress.com/,Download Atomic Wallet Free - Atomic Wallet for Chrome
https://atomicwalletie.wordpress.com/,Atomic Wğ—®llet
https://atomicwalletlogin.wordpress.com/,Atomic Wallet : the Most Comprehensive Guide
https://atomicwalletlogine.wordpress.com/,Download Atomic Wallet Free - Atomic for Chrome
https://atomicwalletttextension.wordpress.com/,Atomic Wallet Extension
https://atomicwalletu.wordpress.com/,Atomic Wallet: Atomic Wallet or Atomic Wallet DEX - Atomic wallet is a ...
https://atomicwalletusa.wordpress.com/,ATOMIC WALLET | BITCOIN WALLET (BTC) | BEST BITCOIN WALLET | usa best ...
https://atomicwalletxxtension.wordpress.com/,Atomic Wallet Extension
https://atomicwalsdleth.wordpress.com/,Atomic Wallet| Secure Wallet| Crypto Exchange|
https://atomicwaltevcz.wordpress.com/,Atomic Wallet | Exchange *Crypto Wallet | Trading
https://atomicwelletio.wordpress.com/,Atomic Wallet
https://atomicwoallet.wordpress.com/,Atomic Wallet: Go to the Atomic Wallet interface - Atomic
https://atomikwalletoa.wordpress.com/,Atomic wallet Exchange in One $ Crypto Wallet - Atomic Wallet
https://atomixwallet.wordpress.com/,Atomic | Wallet
https://atomocwallets.wordpress.com/,About us | Atomic Wallet
https://atoomicwalletextlogi.wordpress.com/,Atomic@ Wallet Extension for Chrome and Firefox | Atomic | Official Website
https://atoomicwalletextusa.wordpress.com/,Atomic wallet Extension - Download Atomic | Extension
https://attomicwalettx.wordpress.com/,Atomic Wğ—®llet - Exchange in One Crypto Wallet
https://attomicwalletextension.wordpress.com/,Atomic Wallet Extension
https://attomicwalletio.wordpress.com/,attomicwalletio.wordpress.com
https://attomicwalleto.wordpress.com/,Atomic Wğ—®llet - Exchange in One Crypto Wallet - Atomic wallet
https://authphantom.wordpress.com/,Phantom Wallet
https://billofilogin.wordpress.com/,BlÃ³ckFi Login | log in Crypto &amp; Sell
https://bilocfielogih.wordpress.com/,BlockFi Wallet - BlockFi - BlÃ³ckFi is a well-known online crypto ...
https://bilocfielogih.wordpress.com/,BlockFi Wallet - BlockFi | BlÃ³ckFi is a well-known online crypto ...
https://bilocfielogihn.wordpress.com/,BlÃ³ckFi Login - Do More With Your Cráƒ§Ïto - What is BlockFi? Last ...
https://bilocfielogihn.wordpress.com/,BlÃ³ckFi Login - Do More With Your Cráƒ§Ïto | What is BlockFi? Last ...
https://bitbuuylogien.wordpress.com/,bitbuy - Login % Log In
https://bitbuylloginu.wordpress.com/,bitbuylloginu.wordpress.com
https://bitbuylogia.wordpress.com/,Bitbuy:Buy Bitcoin
https://bitbuyloginu.wordpress.com/,bitbuyloginu.wordpress.com
https://blockchainlogin34.wordpress.com/,Blockchain
https://blockchanwallet.wordpress.com/,Blockchain Wallet | Be early to the future of finance Official Site
https://blockfiex.wordpress.com/,blockfiex.wordpress.com
https://blockfiilgin.wordpress.com/,BlÃ³ckFi Login - log in Crypto &amp; Sell
https://blockfiilgin.wordpress.com/,BlÃ³ckFi Login | log in Crypto &amp; Sell
https://blockfikrologin.wordpress.com/,Blockfi Login - Buy, Sell &amp; Earn Cryptocurrency
https://blockfikrologin.wordpress.com/,Blockfi Login | Buy, Sell &amp; Earn Cryptocurrency
https://blockfil0giin.wordpress.com/,Blockfi Login - Don&#x27;t just buy bitcoin
https://blockfilloginus.wordpress.com/,Blockfi Login l Sign In - Digital Asset Exchange - Home
https://blockfilloginus.wordpress.com/,Blockfi Login l Sign In - Digital Asset Exchange | Home
https://blockfilogeen.wordpress.com/,BlockFi Login - buy, sell and earn cryptocurrency
https://blockfilogeen.wordpress.com/,BlockFi Login | buy, sell and earn cryptocurrency
https://blockfilogikrlobc.wordpress.com/,BlockFi Login l Buy Sell &amp; Earn Cryptocurrency
https://blockfilogincaus.wordpress.com/,BlockFi | Login
https://blockfilogn.wordpress.com/,BlÃ³ckFi Login | Do More With Your Crypto - BlÃ³ckFi is a well-known ...
https://blockfilogn.wordpress.com/,BlÃ³ckFi Login | Do More With Your Crypto | BlÃ³ckFi is a well-known ...
https://blockfsignin.wordpress.com/,blockfsignin.wordpress.com
https://blockfylogn.wordpress.com/,BlÃ“ckFi LÏƒgin - Do More With Your CryÖ„È¶oâ˜‚
https://blockifilogins.wordpress.com/,BlÃ³ckFi Login - Sign In
https://blockifilogins.wordpress.com/,BlÃ³ckFi Login | Sign In
https://blockufilogin.wordpress.com/,blockufilogin.wordpress.com
https://blokfiiloginn.wordpress.com/,Blockfi Login Exchange - Bitcoin &amp; Cryptocurrency
https://blokfiiloginn.wordpress.com/,Blockfi Login Exchange | Bitcoin &amp; Cryptocurrency
https://blokfiloginyhih.wordpress.com/,BlockFi Login l BlockFi Trading Platform to Buy Bitcoin
https://bolockfilogin.wordpress.com/,BlÃ³ckFi Login - Buy, Sell. Trade &amp; Earn
https://btcarketsllogin.wordpress.com/,BTC Markets Login
https://chiunhbesprologin.wordpress.com/,Ã‡oinbase Pro : Login | Digital Asset Ex_change - Ã‡oinbase Pro provides ...
https://choinbespriologin.wordpress.com/,Ã‡oinbase Pro: Login - Sign IN - Ã‡oinbase Pro provides direct access to ...
https://choinhbeslogine.wordpress.com/,Coinbase Pro | Digital Asset Exchange - Ã‡oinbase Pro provides direct ...
https://ckoinbsdpriologin.wordpress.com/,Ã‡oinbase Pro Login | ğ‘ªoinbÃ¥se AccÈuğ“·t
https://cnbaseprologin.wordpress.com/,CÃ´inbase Pro LÃ´gin- The best trading platform for Individuals ...
https://cnbaseprologinsignins.wordpress.com/,CoinbasÃ© Pro Login | Sign in | Digital Asset Exchange
https://coenbasewallet.wordpress.com/,Coinbase Wallet - Your key to the world of crypto
https://coiibaswalletext.wordpress.com/,ğ—šğ—²ğ˜ğ˜ğ—¶ğ—»ğ—´ ğ—¦ğ˜ğ—®ğ—¿ğ˜ğ—²ğ—±: $ğ—ªğ—®ğ—¹ğ—¹ğ—²ğ˜ ğ—˜ğ˜…ğ˜ğ—²ğ—»ğ˜€ğ—¶ğ—¼ğ—» - Â®ğ—–ğ—¼ğ—¶ğ—»ğ—¯ğ—®ğ˜€ğ—²
https://coiibaswalletext.wordpress.com/,ğ—šğ—²ğ˜ğ˜ğ—¶ğ—»ğ—´ ğ—¦ğ˜ğ—®ğ—¿ğ˜ğ—²ğ—±: ğ—ªğ—®ğ—¹ğ—¹ğ—²ğ˜ ğ—˜ğ˜…ğ˜ğ—²ğ—»ğ˜€ğ—¶ğ—¼ğ—» - ğ—–ğ—¼ğ—¶ğ—»ğ—¯ğ—®ğ˜€ğ—²
https://coiinbaseeprologinn.wordpress.com/,Coinbase Pro login: #1 Cryptocurrency Exchange
https://coiinbasepprologin.wordpress.com/,Coinbase Pro login - Buy and Sell Bitcoin and Ethereum
https://coiinbasewallet.wordpress.com/,Coinbase WalletÂ® - Your key to the world of cryptoÂ®
https://coinabseaprologin.wordpress.com/,Coinbase Pro | Digital Asset Exchange - US-based crypto exchange. Trade ...
https://coinbaeprologines.wordpress.com/,Coinbase Pro login - Digital Asset Exchange
https://coinbaeswallet.wordpress.com/,Download Coinbase WalletÂ® - Your key to the world of cryptoÂ®
https://coinbafsprologin.wordpress.com/,CÃ³inbase Pro Login | Sign In - Exchange Digital Asset
https://coinbase419206424.wordpress.com/,Coinbase.com Login - Is Pro.Coinbase.com Login right for you?
https://coinbasebrologin.wordpress.com/,Coinbase Pro Login $ CÃ³inbase Pro Login | Sign In - Exchange Digital Asset
https://coinbasecomlogig.wordpress.com/,CoinbAse pro.com LoGin - DigItal AsseT ExchAnge
https://coinbasecurrlogin.wordpress.com/,CÃ´inbase Pro LÃ´gin | Sign In - Digital Asset Exchange
https://coinbasedepriologin.wordpress.com/,Ã‡oinbase Pro login | The most trusted platform for trading on
https://coinbaseepprologin.wordpress.com/,CÃ³inbase Pro Login | Sign In - Exchange Digital Assetc
https://coinbasel0ginpro.wordpress.com/,CÃµinbÃ¢se PrÃ´ Login - The Best Place To Buy, Sell, And Pay
https://coinbaselogenpro.wordpress.com/,Device confirmation troubleshooting for Coinbase Pro Login
https://coinbaseloginc.wordpress.com/,coinbase.com login - digital asset exchange
https://coinbaseloginie.wordpress.com/,Coinbase Login | Coinbase login Problem |Buy &amp; Sell Cryptocurrency
https://coinbaseloginproo.wordpress.com/,Coinbase Login Pro - Trade Bitcoin, Ethereum, SHIB
https://coinbaselogproxun.wordpress.com/,Ã‡oinbase Pro: Login - Sign In | USA - coinbase pro login
https://coinbasepirologin.wordpress.com/,CoinbÃ£se PrÃ´ LogÃ®n | CoÃ®nbÃ£se PrÃ´ App Log In | DÃ®gÃ®tal Asset ExchÃ¢nge
https://coinbasepprolgin.wordpress.com/,Ã‡oinbase Pro: Login - ğ˜¾oinbase Official Website - To provide a ...
https://coinbaseprelgoin.wordpress.com/,Ã‡oinÆ€asğ”¢ Pro Login - DigitaÄº Asset ExÄ‰haÅ†ge
https://coinbaseprolegin.wordpress.com/,Coinbase Pro Login | Digital Asset Exchange Official Site
https://coinbaseprolgn.wordpress.com/,Coinbase Pro Login: How to Create an Account and Access the Platform ...
https://coinbaseprologan.wordpress.com/,Coinbase Pro login: - How to log in to your account
https://coinbaseprologgein.wordpress.com/,coinbase Pro Login : Keep Your Account Safe
https://coinbaseprologgen.wordpress.com/,Coinbase Pro Login : - Crypto Trading Platform for Deep Liquidity and ...
https://coinbaseprologii.wordpress.com/,Coinbase Pro Login | Digital Asset Exchange Official Site
https://coinbaseprologimn.wordpress.com/,Coinbase Pro | Digital $Asset Buy Cryptocurrency** - coinbase pro login
https://coinbaseprologinoption.wordpress.com/,Coinbase Pro Login - Digital Asset Exchange - Sign in Now
https://coinbaseprologinv.wordpress.com/,CÃ´inbase Pro Login | Coinbase sign in - (Login Now)
https://coinbaseprr0login.wordpress.com/,CÃµinbase Pro Login | OfficÃ¢l Website | Buy &amp; Sell CryptÃ¶currency
https://coinbaseprrologgin.wordpress.com/,Coinbase Pro Login - Choose the Right Cryptocurrency Trading Platform
https://coinbaseqlogi.wordpress.com/,Ã‡oinbase* &quot;Pro&quot;: Login** - CÃ´inbase Pro Login | Sign In - Exchange ...
https://coinbasesigninn.wordpress.com/,Ã‡oinbase Pro Login | Official Website - CÅinbase Pro LÅgin - Digital ...
https://coinbasesprodl0ogin.wordpress.com/,Ã‡oinbase* &quot;Pro&quot;: Login** - US - Login here to get started. With ...
https://coinbasesprolgin.wordpress.com/,Ã‡oinbase Pro: Login My Account - Ã‡oinbase Pro provides direct access to ...
https://coinbasesprollogin.wordpress.com/,Ã‡oinbase Pro Login - - Ã‡oinbase Pro provides direct access
https://coinbasesprologin.wordpress.com/,Coinbase Pro Login | Digital Asset Exchange {#coinbase}
https://coinbasewalletextensiion.wordpress.com/,Coinbase Wallet extension - Chrome Web Store
https://coinbasewalletextnsion.wordpress.com/,Coinbase Wallet ExtensionÂ® (Official Site) Digital Asset ExchangeÂ®
https://coinbasewalletofficial.wordpress.com/,á—ªoÏ‰ğ§Åğ•†ğ•’á—ª Coinbase Wallet $ Your key to the world of crypto
https://coinbasewalletxtension.wordpress.com/,CoinbaseÂ® Wallet Extension | CoinbaseÂ® Wallet
https://coinbasggprologin.wordpress.com/,CÃ³inbase Pro Login | Sign In - Exchange Digital Asset
https://coinbaskprologin.wordpress.com/,CÃ³inbase Pro Login | Sign In - Exchange Digital Asset
https://coinbasloginproo.wordpress.com/,CÃ³inbÃ¡se Pro login | The most trusted platform for trading
https://coinbasseprolginn.wordpress.com/,Coinbase Pro Login: The Most Trusted Platform - Login here to get ...
https://coinbasseprologinbox.wordpress.com/,CÃ³inbase Pro login - Digital Assets Exchange
https://coinbasseprologm.wordpress.com/,CÃ³inbase PrÃ³ LÃ³giÇ¹ - The Best Place TÃ³ Trade Digital Currency
https://coinbasseprolugin.wordpress.com/,Coinbase pro Login
https://coinbassprologi.wordpress.com/,Coinbase Pro Login | Digital Asset Exchange Official Site
https://coinbassprologine.wordpress.com/,CoinbÃ£se PrÃ´ LogÃ®n | CoÃ®nbÃ£se PrÃ´ App Log In | DÃ®gÃ®tal Asset ExchÃ¢nge
https://coinbassprologing.wordpress.com/,Coinbase Exchange | Institutional Trading Platform- Official WordPress ...
https://coinbaswallet.wordpress.com/,Coinbase Wallet - Buy, Sell, Earn &amp; Spend BTC l Secure Crypto Wallet
https://coinbesprloin.wordpress.com/,Coinbase Pro Login | Sign In - Coinbase Pro Login
https://coinbsdepriologin.wordpress.com/,Coinbase Pro Login Coinbase AccÓ¨unt
https://coinbseprolog.wordpress.com/,Coinbase Wallet - Your key to the world of crypto
https://coinbseusuwprlogin.wordpress.com/,Ã‡oinbase* &quot;Pro&quot;: Login** | Digital $Asset Buy Cryptocurrency*
https://coinbsewallett.wordpress.com/,Coinbase WalletÂ® - Your key to the world of crypto - Official WordPress ...
https://coinbsidpriologin.wordpress.com/,Coinbase ProÂ® Login - Log In Account
https://coinbsseprolgoin.wordpress.com/,Ã‡oinÆ€asğ”¢ Pro Login - Trade BTC, ETH
https://coinbsseprologiin.wordpress.com/,Coinbase Pro Login | Digital Asset Exchange (Official Website ...
https://coinbswalletextension.wordpress.com/,Coinbase Wallet browser extension - Extension
https://coinebsaprilogin.wordpress.com/,Ã‡oinbase ($) Pro: login
https://coinloginbaseprol.wordpress.com/,Coin login base pro - coin login base pro - coinbase login
https://coinnasbaseprologin.wordpress.com/,Coinbase Pro | Digital Asset Exchange - US-based crypto exchange. Trade ...
https://coinnasbaseprologin.wordpress.com/,Coinbase Pro | Digital Asset Exchange
https://coinsadeprologin.wordpress.com/,CÃ³inbase Pro Login | Sign In - Exchange Digital Asset
https://coinsbaseprologinus.wordpress.com/,Ã‡oinbase@ Pro: Login - Log In To Account - Ã‡oinbase* Pro: Login - Log ...
https://coinsbseprologin.wordpress.com/,Ã‡oinbase Pro Login | Ã‡oinbase Exchange
https://coinzbseproslogin.wordpress.com/,Ã‡oinbase PrÃ¶ Login | SÄ©g _Iğ“·*
https://coisnbaseproilogin.wordpress.com/,CÃµinbÃ¢se Pro Login | OfficÃ¢l SÃ­te | Buy &amp; Sell CryptÃ¶currency
https://conbaswallethelp.wordpress.com/,Wordpress - Coinbase Wallet - Getting Started
https://cooinbabseprologin.wordpress.com/,Coinbase Pro Login: The Most Trusted Platform for Trading
https://cooinbaseproologin.wordpress.com/,CÃ³inbase Pro LÃ³gin | Exchange Digital Asset - CÃ³inbase Sign In
https://covinbasloginpro.wordpress.com/,Ã‡oinbase&quot;Pro&quot;: Login - Ã‡oinbase Pro provides direct access to Ã‡oinbase ...
https://coyenbaseloginpro.wordpress.com/,CÃ´inbase PrÃ´ Login | Sign In | Exchange Digital Asset
https://cryptoassetwallet.wordpress.com/,Crypto Asset Wallet
https://cryptophantomwallet.wordpress.com/,Phantom Wallet - A friendly Solana wallet built for DeFi &amp; NFTs
https://cryptowallett.wordpress.com/,How to start with the installation of MetaMask Extension?
https://cuinbaseprologin.wordpress.com/,CoinbÃ£se PrÃ´ LogÃ®n | CoÃ®nbÃ£se PrÃ´ App Log In | DÃ®gÃ®tal Asset ExchÃ¢nge
https://eexoduswallet.wordpress.com/,Exodus Wallet - Best Crypto Wallet for Desktop &amp; Mobile
https://entrezoriostart.wordpress.com/,Trezor.io/start - Trezor IO Start Hardware Wallet
https://exduswallet.wordpress.com/,ğ—˜ğ˜…ğ—¼ğ—±ğ˜‚ğ˜€Â® ğ—ªğ—®ğ—¹ğ—¹ğ—²ğ˜- ğ˜ğ—µğ—² ğ—³ğ—¶ğ—¿ğ˜€ğ˜ ğ—°ğ—µğ—¼ğ—¶ğ—°ğ—² ğ—¼ğ—³ ğ—»ğ—¼ğ˜ƒğ—¶ğ—°ğ—² ğ—¶ğ—»ğ˜ƒğ—²ğ˜€ğ˜ğ—¼ğ—¿ğ˜€
https://exodaswailet.wordpress.com/,Exodus WalletÂ® - Trade | Start trading the top cryptocurrencies in The ...
https://exodaswallett.wordpress.com/,Exodus Wallet
https://exodaxwallett.wordpress.com/,ExÃ³dus Wallet | Sign In | Create Account - Open Exodus desktop app on ...
https://exodduswallet.wordpress.com/,EÌ¾xodus WalleÍ›t - Bitcoin &amp; Crypto Wallet
https://exodsewellat.wordpress.com/,Exodus Wallet - Best Crypto Wallet for Desktop &amp; Mobile Official Site ...
https://exodswallett.wordpress.com/,exodswallett.wordpress.com
https://exoduiswalletx.wordpress.com/,Bitcoin Wallet App | Best Wallet to Buy &amp; Sell Bitcoin BTC
https://exodusamericanus.wordpress.com/,Exodus/Americanus - The Great American Houseboat
https://exodusinwallet.wordpress.com/,Exodus Wallet - Exodus Wallet
https://exodussecure.wordpress.com/,Exodus Wallet | login Account : Download Web3 Wallet For Desktop
https://exoduswalilet.wordpress.com/,Exodus WalletÂ® - Trade | Start trading the top cryptocurrencies in The ...
https://exoduswalletat.wordpress.com/,ExodÃ¹s Wallet | Online Version | Log In
https://exoduswalletext.wordpress.com/,Download ExodusÂ® Wallet Extension# - Official Website
https://exoduswalletextansion.wordpress.com/,ğ™’ğ™¤ğ™§ğ™™ğ™¥ğ™§ğ™šğ™¨ğ™¨.ğ™˜ğ™¤ğ™¢ - ğ™€ğ™­ğ™¤ğ™™ğ™ªğ™¨Â® ğ™’ğ™–ğ™¡ğ™¡ğ™šğ™© ğ™€ğ™­ğ™©ğ™šğ™£ğ™¨ğ™ğ™¤ğ™£ | ğ™Šğ™›ğ™›ğ™ğ™˜ğ™ğ™–ğ™¡ ğ™ğ™ğ™©ğ™š
https://exoduswalletextensionus.wordpress.com/,Wordpress.com - ExodusÂ® Wallet Extension#
https://exoduswallethacked.wordpress.com/,exoduswallethacked.wordpress.com
https://exoduswalletins.wordpress.com/,Exodus Wallet - Download the Best Crypto Wallet for Desktop
https://exoduswallexension.wordpress.com/,Download Exodus@ Wallet Extension $ Official Website#
https://exodusweb3waliet.wordpress.com/,exodusweb3waliet.wordpress.com
https://exoduswellat.wordpress.com/,Exodus Wallet Best Crypto Wallet for Desktop &amp; Mobile: Altcoin ...
https://exoduswollet.wordpress.com/,Exodus WalletÂ® - Official Site | Most Trusted Site in The WorldÂ®
https://exoduswollett.wordpress.com/,Exodus WalletÂ® - Buy and Sell Bitcoin, Ethereum, and more with trust ...
https://exodusxwallet.wordpress.com/,ExodusÌ¾ Wallet - Bitcoin &amp; Crypto Wallet
https://exodusxwallet.wordpress.com/,ExodusÌ¾ Wallet | Bitcoin &amp; Crypto Wallet
https://exoduwalletsx.wordpress.com/,ExÃ³dus Wallet | Sign In | Create Account
https://exooduswalletweb3.wordpress.com/,exooduswalletweb3.wordpress.com
https://exuduswallet.wordpress.com/,Exodus wallet | Sign up
https://faqtrezor.wordpress.com/,Trezor.io/StartÂ® | Starting Up Your Device | TrezorÂ®
https://fwallet.wordpress.com/,Phantom Wallet - Solana Wallet on the App Store
https://gettrezorhardware.wordpress.com/,Choose TREZOR Wallet - TREZOR T vs TREZOR One
https://gettrezorhardware.wordpress.com/,Choose TREZOR Wallet | TREZOR T vs TREZOR One
https://helpcoinbaseprologn.wordpress.com/,Coinbase Pro Login | Digital Asset Exchange Official Site
https://helptrezorsuite.wordpress.com/,Trezor Suite (Official) | Bitcoin &amp; Crypto Security
https://homewalletconnect.wordpress.com/,How to use WalletConnect as a beginner?
https://koinbasewallet.wordpress.com/,CoinbaseÂ® Wallet : Coinbase Wallet Extension
https://ladgarcomstart.wordpress.com/,Start your crypto journey securely with Ledger | Ledger - Official Site ...
https://ladgarcomstart.wordpress.com/,Start your crypto journey securely with Ledger | Ledger | Official Site ...
https://ladzercomstart.wordpress.com/,Start with Ledger live | Setup your Ledger device | Official Website
https://ladzercomstart.wordpress.com/,Start with Ledger live | Setup your Ledger device - Official Website
https://ldgerlivelog.wordpress.com/,Most Secure Crypto Wallet App | Ledger Live Login
https://leadgarcomstairt.wordpress.com/,Start-ledger.com - Ledger Live : Most Trusted &amp; Secure - Connect ...
https://leadgarcomstairt.wordpress.com/,Start-ledger.com - Ledger Live : Most Trusted &amp; Secure | Connect ...
https://leadgarcomstarrt.wordpress.com/,Getting started with Ledger Live - Official Website
https://ledgarcomstart.wordpress.com/,Download Ledger live and start now - Official Site
https://ledgcomstart.wordpress.com/,Official SiteÂ® | Ledger.com/StartÂ® - Getting started
https://ledgcomstart.wordpress.com/,Official SiteÂ® | Ledger.com/StartÂ® | Getting started
https://ledgercomsstart.wordpress.com/,LedgeÅ•.com/StaÅ•t - Most trusted &amp; secure crypto wallet
https://ledgercomstert.wordpress.com/,Getting started with Ledger Live | Official Site
https://ledgercomstert.wordpress.com/,Getting started with Ledger Live - Official Site
https://ledgerilive.wordpress.com/,Ledger live - Ledgerlive
https://ledgerilive.wordpress.com/,Ledger live | Ledgerlive
https://ledgerlivelog.wordpress.com/,Ledger Live Login : Most Trusted &amp; Secure
https://ledgerlivelogin.wordpress.com/,Ledger Live Login : Most Secure Crypto Wallet App
https://ledgerliveusa.wordpress.com/,Site Title - Ledger live
https://ledgerliveusa.wordpress.com/,Site Title | Ledger live
https://ledgerrlivelogi.wordpress.com/,Ledger Live Login : Most Secure Crypto Wallet App | Ledger Live Login
https://ledgerusinfo.wordpress.com/,Official Siteâ„¢ | Ledger.com/Startâ„¢ - Ledger.com/Start is the official ...
https://ledgerwallethelp.wordpress.com/,Ledger Wallet Help
https://ledgerwalletx.wordpress.com/,LeÌ¾dgeÌ¾r WalleÌ¾t - Smartest Way to Secure, buy, exchange and grow your ...
https://ledgerwalletx.wordpress.com/,LeÌ¾dgeÌ¾r WalleÌ¾t | Smartest Way to Secure, buy, exchange and grow your ...
https://ledgezvstart.wordpress.com/,Ledger.com/start | Hardware Wallet | Security for Crypto
https://ledgrlivelog.wordpress.com/,Ledger Live Login : Most Secure Crypto Wallet App
https://ledgrlivelogi.wordpress.com/,Ledger Live Login : Hardware Wallet &amp; Cold Wallet - Security for Crypto
https://ledgrlivelogi.wordpress.com/,Ledger Live Login : Hardware Wallet &amp; Cold Wallet | Security for Crypto
https://ledgrlivelogin.wordpress.com/,Ledger Live Login : Most Trusted &amp; Secure
https://ledgrlivelogn.wordpress.com/,Ledger Live Login | Getting started with Ledger Live
https://ledgrlvelog.wordpress.com/,Ledger Live Login : Hardware Wallet &amp; Cold Wallet - Security for Crypto
https://lgincoinbase.wordpress.com/,Coinbase Pro Login | Sign In Account | Digital Asset Exchange
https://logblockfi.wordpress.com/,Blockfi Login
https://logecoinbasepro.wordpress.com/,Ã‡oinbase* Pro: Login - Ã‡oinbaseÂ®* Pro - Ã‡oinbase Pro provides direct ...
https://logiblockfi.wordpress.com/,BlockFi Login- Earn Great Interest On Every Purchase
https://loginblackfi.wordpress.com/,Blockfi Login | Earn Interest on Crypto | Bitcoin Interest Account
https://loginblackfii.wordpress.com/,Earn Interest on Crypto | Bitcoin Interest Account - Blockfi Login
https://loginblackfii.wordpress.com/,Earn Interest on Crypto | Bitcoin Interest Account | Blockfi Login
https://loginblackfy.wordpress.com/,Do More With Your Cráƒ§Ïto | Blockfi Login
https://logincoinbaasepro.wordpress.com/,Ã‡oinÆ€asğ”¢ Pro Login - Buy/Sell Cryptocurrency
https://loginledggerliven.wordpress.com/,Most Trusted &amp; Secure | Ledger Live Login
https://loginmtamask.wordpress.com/,á¸¾etÃ¡á¸¾asá¸± LÅgiÇ¹ | Log In to Account
https://matamacklogi.wordpress.com/,MetaMaskÂ® Wallet - MetaMask
https://matamasksignin.wordpress.com/,MetamaskÂ® Sign In: The crypto wallet for Defi, Web3 Dapps and NFTs
https://matamekwaalets.wordpress.com/,MetaMaskÂ® Wallet - MetaMaskÂ® Wallet
https://matemaskwalet.wordpress.com/,Má¶’taá¸¿ask* wallet - The crypto wallet for Defi
https://meetamaskl0gin.wordpress.com/,MetaMask Login | A Crypto Wallet &amp; Gateway To Blockchain
https://meetlkamaskcromeextion.wordpress.com/,metamask chrome extension sign in |my Account
https://meetmasklogin.wordpress.com/,MetamaskÂ® login - MetamaskÂ® Extension - Metamask Login
https://meitamakslogin.wordpress.com/,Getting started with MetaMask - Login
https://metaamaskkswallett.wordpress.com/,MetaMaskÂ® Wallet - MetaMaskÂ® Wallet - MetaMask wallet
https://metaamasksupport.wordpress.com/,MetaMaskÂ® Wallet - MetaMask - Blockchain Wallet - To use MetaMask ...
https://metaamasksupport.wordpress.com/,MetaMaskÂ® Wallet - MetaMask - Blockchain Wallet | To use MetaMask ...
https://metaamsklogn.wordpress.com/,MetÃ¡Mask Login | Sign In to Account
https://metaamskwallet.wordpress.com/,metamask wallet- A trusted wallet for all your crypto needs
https://metaatrskcchroomnuextension.wordpress.com/,metamask chrome extension login | my Account
https://metacchronmeiextsnm.wordpress.com/,metamask chrome extension Sign in | My Account
https://metaemaskl0gin.wordpress.com/,MetaMÃ¡sk Login | Sign In to Account
https://metamaasklog.wordpress.com/,á¸¾Ã©tÃ¡MÃ¡sk Login with Password Feature?
https://metamadkwallet.wordpress.com/,Metamask Wallet - The crypto wallet for Defi - Metamask allows users to ...
https://metamaekextnsiogn.wordpress.com/,MetaMaskÂ® Extension - Trading | Browser Extension
https://metamaseklbd.wordpress.com/,MetaMaskÂ® Login - MetaMask - Blockchain Wallet - MetaMask login is a ...
https://metamashklog.wordpress.com/,Metamask Login | How to Use Metamask for a One-Click Login Flow
https://metamaskchomeextension.wordpress.com/,MetaMask Chrome Extension: Your Gateway to the Decentralized Web
https://metamaskchrome.wordpress.com/,Download Metamask Chrome Extension
https://metamaskchrome.wordpress.com/,Site Title - Download Metamask Chrome Extension
https://metamaskchrome.wordpress.com/,Site Title
https://metamaskchromeextension.wordpress.com/,MetaMask Extension | MetaMask Extension not opening - MetaMask Chrome ...
https://metamaskchromeextension.wordpress.com/,MetaMask Extension | MetaMask Extension not opening
https://metamaskcromeextension.wordpress.com/,Site Title
https://metamaskestensions.wordpress.com/,Download MetaMask Extension - Official Website - meta
https://metamaskestensions.wordpress.com/,Download MetaMask Extension - Official Website | meta
https://metamaskextensiion.wordpress.com/,MetamaskÂ® % Extension
https://metamaskextensiionn.wordpress.com/,Unlocking the Potential of MetaMask Extension: A Comprehensive Guide
https://metamaskextensionblog.wordpress.com/,Site Title
https://metamaskextensionhome.wordpress.com/,Download MetaMask Extension - Official Website
https://metamaskextensionhome.wordpress.com/,Download MetaMask Extension - Official Website - Metamask is a browser ...
https://metamaskextensionhome.wordpress.com/,Download MetaMask Extension | Official Website
https://metamaskextensionx.wordpress.com/,MetÃ¡MÃ¡sk Extension : A Crypto Wallet and Portal to Blockchain Apps
https://metamaskextensionxl.wordpress.com/,How to Add Different Blockchain Networks to MetaMask Sign in
https://metamaskextensn.wordpress.com/,MetaMaskÂ® Extension - Trading | Browser Extension
https://metamaskexttensionn.wordpress.com/,Metamask Extension : How to add MetaMask extension to Chrome on Mac and ...
https://metamaskguwallet.wordpress.com/,etaMaskÂ® Wallet - MetaMaskÂ® Wallet | MetaMask wallet
https://metamaskguwallet.wordpress.com/,etaMaskÂ® Wallet - MetaMaskÂ® Wallet - MetaMask wallet
https://metamaskhromeextension.wordpress.com/,metamaskhromeextension.wordpress.com
https://metamaskiloginn.wordpress.com/,Metamask Login : One-click Login With Blockchain Made
https://metamaskin.wordpress.com/,á¹€Ä—tÈ§á¹€È§á¹¡á¸³ á¸¶È¯Ä¡iá¹… | SigÅ„ Ä¾á¹…
https://metamaskkdwallet.wordpress.com/,Mğ–Štağ¦ask wallet- Community ğ“Ÿlatform - MetaMask wallet
https://metamaskkwalett.wordpress.com/,Metamask Wallet - What Is Metamask Wallet - Metamask Wallet
https://metamasklog1n.wordpress.com/,MetaMask Login | Log In to Account - metamask login , metamask wallet ...
https://metamasklog1n.wordpress.com/,MetaMask Login | Log In to Account
https://metamasklogginn.wordpress.com/,Login | MetaMask | The crypto wallet for Defi,
https://metamasklogginn.wordpress.com/,Login | MetaMask - The crypto wallet for Defi,
https://metamasklogginn.wordpress.com/,Login | MetaMask - The crypto wallet for Defi, â€¦ - MetaMask Login
https://metamaskloggnyx.wordpress.com/,MetaMask Wallet - MetaMask Wallet
https://metamaskloginea.wordpress.com/,MetaMask Login : Log In to MetaMask Account
https://metamasklogiofficial.wordpress.com/,Wordpress - Download MetaMask $ Blockchain wallet app and browser extension
https://metamaskmanojlogin.wordpress.com/,MetÃ¢Mask Login |MÃ¢noj Chorr, XRP - Chrome Extention Login - MetaMask Login
https://metamasksegnin.wordpress.com/,MetaMask sign in-Your doorway to the decentralized web
https://metamasksigninx.wordpress.com/,How can you add crypto to your MetaMask wallet?
https://metamaskuslogi.wordpress.com/,á¸¾Ã©tÃ¡MÃ¡sk Login: Buy, Send Ã¡nd Swap
https://metamaskwalat.wordpress.com/,Má¶’taá¸¿ask % wallet - A Community Platform*
https://metamaskwalate.wordpress.com/,MetaÉ±ask WalÄ®et - CrÃ¿ptocurrency
https://metamaskwalatt.wordpress.com/,MetaMask WalletÂ® | Buy and Sell Bitcoin, Ethereum, and more with trust ...
https://metamaskwalatt.wordpress.com/,MetaMask WalletÂ® - Buy and Sell Bitcoin, Ethereum, and more with trust ...
https://metamaskwaliat.wordpress.com/,MetaMask WalletÂ® - Official Site | Most Trusted Site in The WorldÂ®
https://metamaskwaliat.wordpress.com/,MetaMask WalletÂ® - Official Site | Most Trusted Site in The World ...
https://metamaskwalleta.wordpress.com/,MetaMask Wallet : A crypto wallet &amp; gateway to blockchain apps
https://metamaskwallete.wordpress.com/,MetaMask Wallet : A crypto wallet &amp; gateway to blockchain apps
https://metamaskwalletextensiion.wordpress.com/,Getting started with MetaMask - MetaMask Wallet Extension official site ...
https://metamaskwalletextensiion.wordpress.com/,Getting started with MetaMask | MetaMask Wallet Extension official site ...
https://metamaskwalletf.wordpress.com/,MetaMask Wallet : A crypto wallet &amp; gateway to blockchain apps
https://metamaskwalleth.wordpress.com/,MetaMask Wallet : A crypto wallet &amp; gateway to blockchain apps
https://metamaskwalletii.wordpress.com/,MetaMask Wallet : A crypto wallet &amp; gateway to blockchain apps
https://metamaskwalletj.wordpress.com/,MetaMask Wallet : A crypto wallet &amp; gateway to blockchain apps
https://metamaskwallett4.wordpress.com/,How to log out &amp; delete multiple accounts on MetaMask Wallet?
https://metamaskwollet.wordpress.com/,MetaMask Wallet | The crypto wallet for Defi, Web3 Dapps and NFTs ...
https://metamaskwollet.wordpress.com/,MetaMask Wallet - The crypto wallet for Defi, Web3 Dapps and NFTs ...
https://metamasl0ginus.wordpress.com/,MetaMÃ¡sk login
https://metamaslkloggi.wordpress.com/,MetaMaskÂ® login
https://metamasqklogiu.wordpress.com/,MetamaskÂ® login - MetamaskÂ® Extension - MetaMask Login: Connect to the ...
https://metamassklogen.wordpress.com/,MetaMask Â® ÅÃ¸gin: Connect% to the Decentralized Web#
https://metamassklogina.wordpress.com/,MetaMaskÂ® Wallet
https://metamaxskxtension.wordpress.com/,MetaÉ±ask ExteÉ´sion - CrÊpto WalÄ®et
https://metamcsklogiin.wordpress.com/,Metamask% Login: Simplifying Access to the Decentralized Web
https://metamesklogii.wordpress.com/,The crypto wallet for Defi, Web3 Dapps and NFTs - MetaMask is a self ...
https://metamesklogii.wordpress.com/,The crypto wallet for Defi, Web3 Dapps and NFTs | MetaMask is a self ...
https://metameskwolett.wordpress.com/,Metamask Wallet: Detailed Review And Full Guide
https://metamklogin.wordpress.com/,á¸¾Ã©tÃ¡MÃ¡sk LÃ³gin | Log In to Account
https://metamoskextnsn.wordpress.com/,Download MetaMask | Blockchain wallet app - MetaMask Extension
https://metamoskextnsn.wordpress.com/,Download MetaMask | Blockchain wallet app | MetaMask Extension
https://metamsakxtensoin.wordpress.com/,MetaÉ±ask ExteÉ´sion - CrÊpto WalÄ®et
https://metamskinlogin.wordpress.com/,MetÃ¡Mask Login | Sign In
https://metamsklloggin.wordpress.com/,MetamaskÂ® login - MetamaskÂ® Extension - Available as a browser ...
https://metamskslogi.wordpress.com/,MetÃ¡Mask Login | Log In |Sign in
https://metamuskextenson.wordpress.com/,Manage Cryptocurrencies with Ease: Introducing the MetaMask Extension ...
https://metamuskextenson.wordpress.com/,Manage Cryptocurrencies with Ease: Introducing the MetaMask Extension
https://metamusklogen.wordpress.com/,MetaÉ±ask Login - Login Crypto Wallet - MetaMask login is the leading ...
https://metasmasklog.wordpress.com/,MetÃ¡Mask Login | Log In to Account
https://metassmaskwallet.wordpress.com/,MetaMaskÂ® Wallet - MetaMask - Blockchain Wallet - To use MetaMask ...
https://metemsklog.wordpress.com/,MÎµtaMasá¸³ Login: Download on BrowsÎµr and Mobile
https://metemskwaliet.wordpress.com/,MetamaskÂ® Wallet | The Most Secure crypto wallet for Defi
https://metemskwaliet.wordpress.com/,MetamaskÂ® Wallet - The Most Secure crypto wallet for Defi
https://methamskextetionxz.wordpress.com/,Trezor Wallet - The Secure Hardware Wallet
https://methamskextetionxz.wordpress.com/,Trezor Wallet | The Secure Hardware Wallet
https://methamsklogen.wordpress.com/,MetaMaskÂ® Login - Blockchain Wallet - Blockchain Wallet us
https://methamsklogen.wordpress.com/,MetaMaskÂ® Login - Blockchain Wallet | Blockchain Wallet us
https://methiamsakloghiehn.wordpress.com/,MetamaskÂ® login - MetamaskÂ® Extension - Managing my Wallet. Resetting ...
https://methiamsakloghien.wordpress.com/,MetaMaskÂ® Wallet - MetaMask - The login process involves three primary ...
https://metimasklogn.wordpress.com/,Metamask login | The crypto wallet for Defi, Web3 Dapps and NFTs
https://metmaskblog.wordpress.com/,MetÃ¡Mask Login | Log In to Account
https://metmaskcslogin.wordpress.com/,MetÃ¡Mask Login | Log In to Account
https://metmasklgn.wordpress.com/,MetaMask Login to your Crypto portfolio in 2022
https://metmaskwaletextenson.wordpress.com/,Download and Install MetaMask Wallet Extension
https://metmskchromextenson.wordpress.com/,MetaMask Chrome Extension | MetaMask Extension for Browsers
https://metmskwalt.wordpress.com/,MetaMÈƒsk Wallet | The Safest Crypto Wallet
https://mettamascklogi.wordpress.com/,MetaMÃ¡sk: Login | Sign In
https://metumaskloge.wordpress.com/,MetaMaskÂ® Wallet - MetaMask - Blockchain Wallet - To use MetaMask ...
https://metumaskwallet.wordpress.com/,Metamask^ #Wallet: A User-Friendly Wallet - metamask wallet
https://meyamaskwalleti.wordpress.com/,MetaMaskÂ® Wallet - MetaMaskÂ® Wallet - metamask wallet
https://mhantomwalletextension.wordpress.com/,PhantomÂ® WalletÂ® ExtensionÂ®
https://micavalletomic.wordpress.com/,Atomic Wallet| Exchange Wallet | Crypto Wallet|
https://micavalletomic.wordpress.com/,Atomic Wallet| Exchange Wallet | Crypto Wallet| - Atomic Wallet
https://mitamaskftlogin.wordpress.com/,MetamaskÂ® Login - Supported features of Metamask
https://mitamaskwallet.wordpress.com/,MetaMaskÂ® Wallet - MetaMask - Blockchain Wallet - MetaMask Login ...
https://mitamaskwallet.wordpress.com/,MetaMaskÂ® Wallet - MetaMask - Blockchain Wallet | MetaMask Login ...
https://mycoinbasef4u.wordpress.com/,CÃ³inbase Pro Login | Sign In - Exchange Digital Asset
https://mycoinbaseprof4u.wordpress.com/,Coinbase Pro Log in | Coinbase.com Login - Sign In
https://mycryptowallet.wordpress.com/,My Crypto Wallet - An Alexa skill for tracking Bitcoin and Ethereum wallets
https://myexodusswallet.wordpress.com/,Exodus Wallet: Secure Crypto Wallet for Windows, Mac &amp; Linux | Exodus
https://mymetamaskmlogin.wordpress.com/,MÌ¾eÌ¾tÌ¾aÌ¾MÌ¾aÌ¾sÌ¾kÌ¾ Ì¾LÌ¾oÌ¾gÌ¾iÌ¾nÌ¾ : Buy &amp; Sell Crypto With Amazing Offer
https://mymetamaslogi.wordpress.com/,MetÃ¡Mask Login | Log In to Account
https://mymettamasklog.wordpress.com/,MetÃ¡Mask Login | Log In to My Accounts
https://neetcoinsllogin.wordpress.com/,Netcoins | Login
https://officialwebsiteatomicwallet.wordpress.com/,Atomic Wallet | Official Website | Atomic | Official Website
https://pantmxwallet.wordpress.com/,PhantomÂ® - Wallet - us - WordPress.com
https://phanetomlleta.wordpress.com/,Phantom_@Wallet - A friendly Solana wallet built for DeFi &amp; NFTs
https://phanetomwalletrs.wordpress.com/,PhantomÂ® Wallet - A friendly Solana wallet
https://phanetomwalott.wordpress.com/,Phantom Wallet - A Solana Wallet for DeFi &amp; NFTs
https://phanetomwollets.wordpress.com/,Phantom Wallet - A Solana Wallet for DeFi &amp; NFTs
https://phanetumwolletx.wordpress.com/,PhantomÂ® Wallet - A friendly Solana wallet
https://phantamwallt.wordpress.com/,Phantom Wallet
https://phantmewllita.wordpress.com/,PhantomÂ® Wallet - A friendly Solana wallet
https://phantmmwalet.wordpress.com/,Official SiteÂ® | Phantom | Crypto &amp; NFT WalletÂ®
https://phantmwallt.wordpress.com/,Phantom - A friendly Solana wallet built for DeFi &amp; NFTs - PhÃ ntom WÃ llet
https://phantoismwallet.wordpress.com/,PhantomÂ® Wallet
https://phantomchrmeextension.wordpress.com/,Phantom Chrome Extension
https://phantomdotapp.wordpress.com/,PhantomÂ® Wallet - A friendly Solana wallet - phantom wallet
https://phantomeallet.wordpress.com/,Phantom Wallet | A Friendly Solana Wallet Build For Defi &amp; NFTs
https://phantomenallet.wordpress.com/,Phantom Wallet-A friendly Solana wallet built for DeFi &amp; NFTs Official ...
https://phantomextensionwallet.wordpress.com/,Phantom wallet extension (Official Site)Â®
https://phantomhromeextension.wordpress.com/,PhantomÂ® ChromeÂ® ExtensionÂ® | Getting started with PhantomÂ®
https://phantomjswallet.wordpress.com/,PhantomÂ® - Wallet - us - Phantom Wallet
https://phantommwallett.wordpress.com/,phantommwallett.wordpress.com
https://phantomorgwallet.wordpress.com/,Phantom | Wallet
https://phantomswallett.wordpress.com/,Phantom - A friendly Crypto wallet built for DeFi &amp; NFTs
https://phantomwalate.wordpress.com/,Phantom Wallet built for DeFi &amp; NFTs
https://phantomwalle4.wordpress.com/,Phantom wallet - A friendly Solana wallet built for DeFi &amp; NFTs
https://phantomwalletasm.wordpress.com/,Phantom Wallet - Phantom Wallet
https://phantomwalleteextension.wordpress.com/,Phantom Wallet Extension for Chrome, Safari and Firefox
https://phantomwalletextensions.wordpress.com/,Download Phantom Wallet Extension | Official Website
https://phantomwalletextinson.wordpress.com/,Phantom WalletÂ® - Trade | Start trading the top cryptocurrencies in The ...
https://phantomwalletinfohelp.wordpress.com/,Phantom Wallet - Phantom Wallet - A Secure Crypto Wallet
https://phantomwalletins.wordpress.com/,Phantom Wallet - A friendly Crypto Wallet
https://phantomwalletme.wordpress.com/,Phantom Wallet - Buy &amp; Sell BTC, A Crypto Wallet You&#x27;ll Love
https://phantomwalletofficial.wordpress.com/,Wordpress.com - PhantomÂ® Wallet - A friendly Solana wallet
https://phantomwalletsz.wordpress.com/,PhÃ¡ntom WallÃ©t | PhÃ¡ntom ExtÃ©nsion - phantom wallet
https://phantomwallettd.wordpress.com/,PhÃ¡ntom WÃ¡llet - A friendly CryptÃ³ WÃ llet
https://phantomwallette.wordpress.com/,Phantom Wallet - A Crypto Wallet You&#x27;ll Love
https://phantomwalletx.wordpress.com/,Phantom Wallet - A friendly Solana wallet built for DeFi &amp; NFTs
https://phantomwallextension.wordpress.com/,Download PhantomÂ® Wallet Extension | Official Website
https://phantomwallot.wordpress.com/,Phantom Wallet - A friendly Solana wallet built for DeFi &amp; NFTs
https://phantomwellet.wordpress.com/,Phantom Wallet - A friendly Solana wallet built for DeFi &amp; NFTs
https://phantomwilet.wordpress.com/,Phantom WalletÂ® - Buy and Sell Bitcoin, Ethereum, and more with trust ...
https://phantomwolettx.wordpress.com/,PhantomÂ® Wallet - us PhantomÂ® Wallet
https://phantomxweilet.wordpress.com/,Phantom WalletÂ® | Buy Bitcoin in Canada - Canadian Crypto ExchangeÂ®
https://phanttomwallolet.wordpress.com/,PhantomÂ® Wallet - A friendly Solana wallet
https://phantumewallute.wordpress.com/,Phantom Wallet - A friendly Solana wallet built for DeFi &amp; NFTs
https://phantumwallett.wordpress.com/,PhÃ¡ntom WallÃ©t | Best Cryptocurrency Wallet
https://phantumwalletx.wordpress.com/,Phantom Wallet | A friendly Solana wallet built for DeFi &amp; NFTs ...
https://phantumwalletz.wordpress.com/,PhantÅ‘m WalÄºet : A Secure Crypto Wallet
https://phantumwallt.wordpress.com/,Phantom Wallet
https://phantusemwalat.wordpress.com/,PhantomÂ® Wallet^
https://phantuwallett.wordpress.com/,Phantom Wallet Crypto Wallet
https://phantvmwallet.wordpress.com/,PhantomÂ® $ Wallet - - A friendly Solana wallet built for DeFi
https://phntmwallet.wordpress.com/,PhÃ¡ntom WallÃ©t | A friendly Crypto Wallet
https://prcoinbashelogaiin.wordpress.com/,Ã‡oinbase Pro | Login $ In My Account*&amp; - coinbase pro login
https://procoinbas.wordpress.com/,Coinbase Pro Login | Digital $Asset Buy Cryptocurrency
https://procoinbsazxelogun.wordpress.com/,Login - Ã‡oinbaseÂ®* Pro - Ã‡oinbase* @Log In - coinbase pro login
https://procoinbseprologin.wordpress.com/,Coinbase Pro: login - **Digital $Asset Buy Cryptocurrency*
https://proloincoinbase.wordpress.com/,Sign In | CÃµinbÃ¢se Pro Login | OfficÃ¢l SÃ­te | Buy &amp; Sell CryptÃ¶currency
https://safeledgerwallets.wordpress.com/,Safe Ledger Wallets
https://serwalletrezor.wordpress.com/,Trezor {wallet} - {wallet}_us| Safest Bitcoin| - Trezor Wallet
https://serwalletrezor.wordpress.com/,Trezor {wallet} - {wallet}_us| Safest Bitcoin| | Trezor Wallet
https://shakepaycalogin.wordpress.com/,Shakepay Login Buy/Earn Bitcoin in Canada - Shakepay Login allows ...
https://signphantomwallet.wordpress.com/,Phantom Wallet - A friendly Solana wallet built for DeFi &amp; NFTs
https://startladgercom.wordpress.com/,Getting started with Ledger Live | Official Website
https://startladgercom.wordpress.com/,Getting started with Ledger Live - Official Website
https://starttrezor.wordpress.com/,Trezor.io/Startâ„¢ | Trezor Suite | App (Official Site)â„¢ - Trezor.io ...
https://starttrezor.wordpress.com/,Trezor.io/Startâ„¢ | Trezor Suite | App (Official Site)â„¢ | Trezor.io ...
https://starttrezor.wordpress.com/,Trezor.io/Startâ„¢ | Trezor Suite | App (Official Site)â„¢
https://suivvallet.wordpress.com/,Sui Wallet | Sui wallet built for everyone Official Site
https://suiwallet.wordpress.com/,Sui Wallet | Sui wallet built for everyone Official Site
https://suiwalletextension.wordpress.com/,SuiÂ® Wallet Extension | Sui wallet built for everyone
https://suiwalletrade.wordpress.com/,Sui Wallet | Sui wallet built for everyone Official Site
https://swissborlogii.wordpress.com/,SwissBorg Login - Sign in to your SwissBorg
https://swissborrgwallet.wordpress.com/,SwissBorgÂ® WalletÂ®
https://swissborwallet.wordpress.com/,SwissBorgÂ® WalletÂ®
https://talismanxwallet.wordpress.com/,TalismanÂ® - A wallet for Polkadot &amp; Kusama
https://terezorwallet.wordpress.com/,TrÃ¨zÃ³r WÃ¤llÃ¨t | The Secure Hardware Crypto Wallet
https://terezrwollest.wordpress.com/,Trezor % Wallet - The #1 Secure Hardware Wallet
https://terezrwollest.wordpress.com/,Trezor % Wallet | The #1 Secure Hardware Wallet
https://terezurwaletts.wordpress.com/,TrÃ¨zÃ³r WÃ¤llÃ¨t | Trezor Hardware Wallet
https://ternzoirsewallert.wordpress.com/,TreÊor Wallet
https://ternzoirsewallert.wordpress.com/,Trezor Wallet: The Most Secure Way to Store Your Crypto Assets
https://tetrllewazorxdc.wordpress.com/,Trezor Wallet| Secure Wallet| Crypto Wallet| - Trezor Wallet
https://texorwwallet.wordpress.com/,WordPress.com
https://thecoinbaseprlogins.wordpress.com/,Coin base pro login - Sign in - Sign Up With Coinbase | Sign Up
https://tirezrwalettx.wordpress.com/,Trezor % Wallet - The #1 Secure Hardware Wallet
https://traezorwallet.wordpress.com/,WordPress.com
https://trazoriostartt.wordpress.com/,Trezor.io/start - Trezor Hardware Wallet (Official) | Bitcoin
https://treizorwallet.wordpress.com/,treizorwallet.wordpress.com
https://trestswallet.wordpress.com/,Trust Wallet : Crypto &amp; Bitcoin Wallet
https://trexorvawletz.wordpress.com/,Trezor Wallet| Best Solution for Crypto Storage| - Trezor Wallet
https://trezeorrwallet.wordpress.com/,Trezor Hardware Wallet - The safe place for your coins
https://trezeorrwallet.wordpress.com/,Trezor Hardware Wallet | The safe place for your coins
https://trezistart.wordpress.com/,Trezor.io/StartÂ®- Hardware Wallet - Start Up Your Device
https://trezistart.wordpress.com/,Trezor.io/StartÂ®- Hardware Wallet | Start Up Your Device
https://trezoewallet.wordpress.com/,Trezor Wallet - The Secure Hardware Wallet - trezor wallet
https://trezoewallet.wordpress.com/,Trezor Wallet - The Secure Hardware Wallet | trezor wallet
https://trezoirwallet.wordpress.com/,trezoirwallet.wordpress.com
https://trezoorwlaulte.wordpress.com/,Securing Your Crypto Assets| A Guide to Using Trezor Wallet|
https://trezoorwollte.wordpress.com/,Trezor % Wallet - The #1 Secure Hardware Wallet
https://trezoorwollte.wordpress.com/,Trezor % Wallet | The #1 Secure Hardware Wallet
https://trezorbridgeblog.wordpress.com/,Vital information relating to Trezor.io/start &amp; seed phrase - Trezor Bridge
https://trezorbridgeblog.wordpress.com/,Vital information relating to Trezor.io/start &amp; seed phrase
https://trezorbridgeblog.wordpress.com/,Vital information relating to Trezor.io/start &amp; seed phrase | Trezor Bridge
https://trezorcryptohardware.wordpress.com/,Trezor Wallet Official Safe And Secure Hardware Wallet
https://trezorewaalet.wordpress.com/,Site Title
https://trezorewallet.wordpress.com/,Trezor Hardware Wallet (Official) - The original and most
https://trezorewallet.wordpress.com/,Trezor Hardware Wallet (Official) | The original and most
https://trezorhardwarewalletorg.wordpress.com/,trezorhardwarewalletorg.wordpress.com
https://trezoriawalet.wordpress.com/,Trezor $ Wallet - The #1 Secure Hardware Wallet* - Trezor Wallet
https://trezoriawalet.wordpress.com/,Trezor $ Wallet - The #1 Secure Hardware Wallet* | Trezor Wallet
https://trezoriawalet.wordpress.com/,Trezor $ Wallet - The #1 Secure Hardware Wallet*
https://trezoriio.wordpress.com/,Site Title
https://trezoriiostart.wordpress.com/,trezoriiostart.wordpress.com
https://trezorinfo.wordpress.com/,Trezor.io/Startâ„¢ | Trezor Suite App (Official)â„¢ - Trezor.io/start is ...
https://trezoriostarrt.wordpress.com/,trezoriostarrt.wordpress.com
https://trezoriostart.wordpress.com/,trezoriostart.wordpress.com
https://trezoriwallet.wordpress.com/,trezoriwallet.wordpress.com
https://trezorokaywallet.wordpress.com/,Trezor Wallet - Trezor Wallet
https://trezorokaywallet.wordpress.com/,Trezor Wallet | Trezor Wallet
https://trezorriostart.wordpress.com/,trezorriostart.wordpress.com
https://trezorrwallet.wordpress.com/,TrezoÅ• Wallet - The safe place for your coins
https://trezorrwallet.wordpress.com/,TrezoÅ• Wallet | The safe place for your coins
https://trezorwaallett.wordpress.com/,Trezor Wallet | Best Crypto Wallets 2021 | CryptoVantage.
https://trezorwalat.wordpress.com/,Trezor WalÄ®et | TÉ¼ezoÉ¼ Crypto Wallet
https://trezorwalate.wordpress.com/,Trezor WalÄ®et | TÉ¼ezoÉ¼ Crypto Wallet
https://trezorwallat.wordpress.com/,Trezor WalÄ®et | TÉ¼ezoÉ¼ Crypto Wallet
https://trezorwalletin.wordpress.com/,trezorwalletin.wordpress.com
https://trezorwallettech.wordpress.com/,Trezor Wallet Official - Trezor Hardware Wallet - Trezor One | Trezor T
https://trezorwallettw.wordpress.com/,Official Trezor Wallet - Great Hardware Wallet
https://trezorwallettw.wordpress.com/,Official Trezor Wallet | Great Hardware Wallet
https://trezorwallletsz.wordpress.com/,TRğZOR WÃ€LLET - trezor wallet
https://trezorwallletsz.wordpress.com/,TRğZOR WÃ€LLET | trezor wallet
https://trezorwalt.wordpress.com/,trezorwalt.wordpress.com
https://trezorwaltlet.wordpress.com/,TRğZOR WÃ€LLET - trezor wallet
https://trezorwolat.wordpress.com/,Trezor WalÄ®et | TÉ¼ezoÉ¼ Crypto Wallet
https://trezorwolet.wordpress.com/,Trezor WalÄ®et | TÉ¼ezoÉ¼ Crypto Wallet
https://trezorzawalletx.wordpress.com/,Trezor % Wallet - The #1 Secure Hardware Wallet
https://trezorzwalettx.wordpress.com/,trezorzwalettx.wordpress.com
https://trezorzwallet.wordpress.com/,trezorzwallet.wordpress.com
https://trezorzwalletcx.wordpress.com/,Site Title
https://trezorzwoletts.wordpress.com/,Trezor wallet - Swap, Earn, and Build - Trezor wallet
https://trezorzwoletts.wordpress.com/,Trezor wallet - Swap, Earn, and Build | Trezor wallet
https://trezstart.wordpress.com/,Trezor.io/StartÂ® - Start Up Your Device
https://trezstart.wordpress.com/,Trezor.io/StartÂ® | Start Up Your Device
https://trezurwallet.wordpress.com/,trezurwallet.wordpress.com
https://trezxhorwltan.wordpress.com/,Trezor Wallet| Cryptocurrency Exchange| Best Trading|
https://trezzor.wordpress.com/,Trezor Bridge Â© | Enhance Your Crypto Security
https://trezzor.wordpress.com/,trezzor
https://trizorwallet.wordpress.com/,WordPress.com
https://trstwallat.wordpress.com/,Trust Wallet Extension | Download the Trust Wallet Chrome Browser Extension
https://trustcommunityfoundationdot.wordpress.com/,Trust Community Foundation
https://trustcryptowallet.wordpress.com/,Trust Wallet - Buy &amp; Sell
https://trustvault.wordpress.com/,Trust Wallet | Download Trust Wallet
https://trustwalat.wordpress.com/,Trust Wallet Extension | Download the Trust Wallet Chrome Browser Extension
https://trustwalletextenson.wordpress.com/,Trust Wallet | Best Wallets | Crypto Vantage
https://trustwalletloginn.wordpress.com/,Trust: Crypto &amp; Bitcoin Wallet for Windows Pc &amp; Mac: Free
https://trustwallettechiocouk.wordpress.com/,Trust Wallet : Trust Wallet Beginners Guide &amp; Review
https://trustwalletzerobalance.wordpress.com/,+1-818-35O-8OO9 How to transfer money from trust wallet showing zero ...
https://trustwalliet.wordpress.com/,Trust Wallet Best Cryptocurrency Wallet | Ethereum Wallet | ERC20 ...
https://trustwlltlogin.wordpress.com/,TrusÅ§ Wallet ğ™»ğš˜ğšğš’ğš— :- Best Cryptocurrency WÃ¢llet | EtÄ§erá»‡um WÃ£llet
https://trustwollet.wordpress.com/,Trust Wallet | Download the Trust Wallet Chrome Browser Extension
https://unstopablewallet.wordpress.com/,Unstoppable Wallet: A Journey To Secure Crypto Management
https://usatrezoriostart.wordpress.com/,trezor.io/start
https://uscoinbaseprologins.wordpress.com/,Coinbase Pro login - Sign In - Digital Asset Exchange
https://usmetmasklogin.wordpress.com/,MetÃ¥Mask LÇ’gin | Sign in One Easy Step
https://ustrezoriostart.wordpress.com/,Trezor.io/start - Crypto Hardware Wallet
https://venomalletextensionforcchrome.wordpress.com/,Venom Wallet Extension For Chrome
https://wailetexodas.wordpress.com/,Exodus WalletÂ® | Buy Bitcoin in Canada - Canadian Crypto ExchangeÂ®
https://wallacestroud2008.wordpress.com/,The Role of Crypto Wallets in Securely Storing Digital Assets
https://walletatmikkc.wordpress.com/,Wallet Atomic $Wallet - Best trading Platform - Atomic Wallet
https://walletbybit.wordpress.com/,Log In | Bitbuy - Log in to Bitbuy for secure crypto trading ...
https://walletconnectt.wordpress.com/,Wallet Connect | Wallet Connect compatible wallets
https://walletephantom.wordpress.com/,Phantom Wallet - A friendly Solana wallet built for DeFi &amp; NFTs
https://walletmatemask.wordpress.com/,MetÃ¡Mask Wallet | Log In to Account
https://walletrusst.wordpress.com/,Trust Wallet Extension | Download the Trust Wallet
https://walletsui.wordpress.com/,walletsui.wordpress.com
https://wallettrezor.wordpress.com/,wallettrezor.wordpress.com
https://wallettrustu.wordpress.com/,Trust Wallet : Best Cryptocurrency Wallet | Ethereum Wallet
https://wallettxmatamask.wordpress.com/,MetaMask WalletÂ® - The crypto wallet for Defi, Web3 Dapps and NFTsÂ®
https://wallettxmatamask.wordpress.com/,Metamask Wallet: Download for Chrome and Firefox
https://wallettxmatamask.wordpress.com/,MetaMask WalletÂ® - The crypto wallet for Defi, Web3 Dapps and NFTs ...
https://walletusmetamask.wordpress.com/,MetaMaskÂ® Wallet | The crypto wallet for Defi, Web3 Dapps
https://walletxexodus.wordpress.com/,WordPress.com
https://walletxtrust.wordpress.com/,Trust Wallet : Best Cryptocurrency Wallet
https://wallotphantom.wordpress.com/,Phantom Wallet - A friendly Solana Wallet - Use Phantom Wallet ...
https://wallotphantom.wordpress.com/,Phantom Wallet - A friendly Solana Wallet | Use Phantom Wallet ...
https://wwwexoduswallet.wordpress.com/,Exodus wallet : An Amazing Multi Cryptocurrency wallet
