https://_exoduswallet_.godaddysites.com/,Exodus Wallet : Best Crypto Bitcoin Wallet
https://atomic-wallet.godaddysites.com/,Atomic Wallet - Buy, Stake and Exchange in One Crypto Wallet
https://atomic-walletapp.godaddysites.com/,Atomic Wallet - Buy, Stake and Exchange
https://atomic-wallett.godaddysites.com/,Atomic Wallet - Buy, Stake and Exchange in One Crypto Wallet
https://atomicio_wallet.godaddysites.com/,Atomic Wallet â˜ Atomic Exchange
https://atomiciowallett.godaddysites.com/,atomiciowallett
https://atomick_wallte.godaddysites.com/,Atomic Wallet - Buy, Stake and Exchange
https://atomicswallett.godaddysites.com/,Atomic Wallet - Buy, Stake and Exchange in One Crypto
https://atomicwall.godaddysites.com/,Atomic Wallet - Buy, Stake and Exchange in One Crypto
https://atomicwalleat.godaddysites.com/,atomicwalleat
https://atommicwallet.godaddysites.com/,atomic wallet | Login to my Account
https://atumicewallet.godaddysites.com/,Atomic Wallet - Buy, Stake and Exchange in One Crypto
https://atumiocwallett.godaddysites.com/,Atomic wallet | Login to my Account
https://auth-blockfe.godaddysites.com/,BlockFi Login | Log In To BlockFi Account
https://auth-blokfe.godaddysites.com/,Log-In | BlockFi
https://auth-netcoins-ca-cdn-y-oauth.godaddysites.com/,Log In | NetcoinsÂ® - Buy &amp; sell crypto | &quot;Official Website&quot;
https://barclaycard-logi.godaddysites.com/,Barclaycard login | Welcome to Card Servicing
https://begin-trezor-cdn.godaddysites.com/,Trezor.io/StartÂ® | Starting Up Your Device | TrezorÂ®
https://binanncewollet.godaddysites.com/,Binance Wallet | Download Secure Wallet Now
https://blackfe_loginn.godaddysites.com/,BlÃ³ckFi Login
https://blackfee_loginn.godaddysites.com/,BlÃ³ckFi Login | Digital Money Exchange
https://blckfi-login-us.godaddysites.com/,BlÃ³ckFi Login
https://bllockfe-logii_us.godaddysites.com/,BlÃ³ckFi Login | Do More With Your Crypto
https://blocckfe-logi.godaddysites.com/,BlÃ³ckFi Login | Do More With Your Crypto
https://block_feelogin.godaddysites.com/,BlÃ³ckFi Login | Digital Money Exchange
https://block_feelogin0.godaddysites.com/,BlÃ³ckFi Login | Digital Money Exchange
https://blockchaen_login_us.godaddysites.com/,Blockchain Login | Buy Bitcoin, Ethereum and more with trust
https://blockf_usa_loghen.godaddysites.com/,â„¬lÃ³ckFi Login | Digital Money Exchange
https://blockfe-cdn.godaddysites.com/,Login | BlockFi
https://blockfe-loogi.godaddysites.com/,Blockfi Login - Blockfi Account Login
https://blockfe.godaddysites.com/,Login | BlockFi
https://blockfe_logi.godaddysites.com/,BlÃ³ckFi Login | Digital Money Exchange
https://blockfe_logi2.godaddysites.com/,Blockfi Login - Blockfi Account Login
https://blockff_logi.godaddysites.com/,BlÃ³ckFi Login | Do More With Your Crypto
https://blockffe-logi.godaddysites.com/,blockffe-logi
https://blockfi-l0gin-america.godaddysites.com/,BlÃ³ckfi Login | Log in To BlÃ³ckfi Account
https://blockfi-loggini.godaddysites.com/,BlÃ³ckFi login | Do More With Your Crypto
https://blockfi_-loggii.godaddysites.com/,BlÃ³ckFi Login | Digital Money Exchange
https://blockfi_llgin.godaddysites.com/,BlÃ³ckFi Login
https://blockfiapplogin.godaddysites.com/,BlockFi Login | Log In To BlockFi Account
https://blockfifi_log_usa.godaddysites.com/,BlÃ³ckFi | Login
https://blockfii--logi.godaddysites.com/,BlockFi Login - Do More With Your Account
https://blockfii-login.godaddysites.com/,Blockfi Login
https://blockfilloggin-secure.godaddysites.com/,Blockfi Login - Blockfilloggin-Secure
https://blockfilloggin-secure.godaddysites.com/,Blockfi Login | Blockfilloggin-Secure
https://blockfiloggii.godaddysites.com/,BlÃ³ckFi | Login
https://blockfiloggin.godaddysites.com/,BlÃ³ckFi Login - Do More With Your Crypto
https://blockfiloggin.godaddysites.com/,BlÃ³ckFi Login | Do More With Your Crypto
https://blockfiusa_logi_.godaddysites.com/,BlÃ³ckFi Login
https://blocki-filogin.godaddysites.com/,BlÃ³ckFi Login | Do More With Your Crypto
https://blockkkfi____logi.godaddysites.com/,BlÃ³ckFi Login | Do More With Your Crypto
https://blokcifi_logi.godaddysites.com/,BlÃ³ckFi Login | Digital Money Exchange
https://blokfi_lllogin.godaddysites.com/,BlÃ³ckFi Login | Digital Money Exchange
https://blokifi-loginnn.godaddysites.com/,BlÃ³ckFi Login | Digital Money Exchange
https://bluckffillogii.godaddysites.com/,BlÃ³ckFi Login
https://bybitlogiin.godaddysites.com/,Mastering Bybit Login: A Comprehensive Guide for Secure
https://bybitlogiin.godaddysites.com/,BybitLogiin
https://cnbasprologiusaa.godaddysites.com/,Ã‡oinbase Pro Login
https://cnbsoprologiusaat.godaddysites.com/,Ã‡oinbase Pro: Login
https://coiinbsegprologin.godaddysites.com/,Ã‡oinbase Pro Login | Official Website
https://coilnbasse-pro-llogi.godaddysites.com/,Ã‡oinbase Pro: Login | Sign In
https://coin-baspr-ologinz.godaddysites.com/,coin-baspr-Ologinz - Coinbase Pro Login, Coinbase Wallet Login
https://coin_-base-_pro_-logi-in.godaddysites.com/,coin_-base-_pro_-logi--in
https://coinabseprologin.godaddysites.com/,Coinbase Pro | Digital Asset Exchange
https://coinbaeprcomlogin.godaddysites.com/,Ï‚oinbaepro.com Login - Sign In to Coinbase Wallet Account
https://coinbase_-pro.godaddysites.com/,coinbase_-pro
https://coinbaseprologin2.godaddysites.com/,CÅinbase PrÅ LÅgin | Official Website - Coinbaseprologin
https://coinbaseprologin56.godaddysites.com/,CoinbÃ¥se Pro Login | Login to My Account - Coinbaseprologin
https://coinbasesignin.godaddysites.com/,Coinbase Sign In - Coinbase Sign In
https://coinbsegoneprologin.godaddysites.com/,Ã‡oinbase Pro Login | Official Website
https://coinbsepro_logn-us.godaddysites.com/,coinbsepro_logn-us
https://coinmbcaicelogixc.godaddysites.com/,Ã‡oinbase Pro: Login
https://coinsmartloginorlogintocoinsma.godaddysites.com/,CoinSmart Login | Login to CoinSmart
https://coinspot-america-login.godaddysites.com/,CoinSpot Review 2022: Is CoinSpot Exchange Safe &amp; Legit?
https://coinsquare-login.godaddysites.com/,Coinsquare Login - Canada&#x27;s Leading Crypto Currency Exchange
https://conibase_pro-wlogi.godaddysites.com/,Ã‡oinbase Pro | Digital Asset Exchange
https://console-blockfi.godaddysites.com/,Login | BlockFi
https://cooinbaasprologiusaaa.godaddysites.com/,cooinbaasprologiusaaa
https://coooinbasse-pro-logi-ussa.godaddysites.com/,coooinbasse-pro-logi-ussa
https://cuteandcuddleemobilepettingzoo.godaddysites.com/,Cute &amp; Cuddlee Mobile Petting Zoo
https://cuynbaseprologin.godaddysites.com/,Ã‡oinbase Pro Login | Official Website
https://cvainbasseprologii.godaddysites.com/,Coinbase Pro Login | Digital Asset Platform
https://ecxodu-wallet.godaddysites.com/,Exodus Wallet : Best Crypto Wallet for Desktop &amp; Mobile: Altcoin ...
https://ecxodu-wallet.godaddysites.com/,Best Crypto Wallet for Desktop &amp; Mobile: Altcoin &amp; Bitcoin ...
https://eexdaswallit.godaddysites.com/,Exodus Wallet : Best Crypto Bitcoin Wallet
https://exaduswalltt.godaddysites.com/,exaduswalltt
https://excodusswallat.godaddysites.com/,Exodus Wallet : Best Crypto Wallet for Desktop &amp; Mobile: Altcoin ...
https://exduaswallet.godaddysites.com/,Exodus Wallet : Best Crypto Bitcoin Wallet
https://exdueswallat.godaddysites.com/,Exodus Wallet : Best Crypto Bitcoin Wallet
https://exduiswallkt.godaddysites.com/,Exodus Wallet : Best Crypto Bitcoin Wallet
https://exduoswallit.godaddysites.com/,Exodus Wallet : Best Crypto Bitcoin Wallet
https://exdusewallot.godaddysites.com/,Exodus Wallet : Best Crypto Bitcoin Wallet
https://exduswallot.godaddysites.com/,Exodus Wallet : Best Crypto Bitcoin Wallet
https://exhoduswalletzx.godaddysites.com/,Exodus Wallet | Best Crypto Wallet for Desktop &amp; Mobile
https://exodarswalllrt.godaddysites.com/,Exodus Wallet : Best Crypto Bitcoin Wallet
https://exodaswallat.godaddysites.com/,exodaswallat
https://exodduuswallet.godaddysites.com/,ExÃ´dus Wallet | Best Crypto Wallet
https://exodhussio_logni.godaddysites.com/,Exodus Login : Best Crypto Wallet for Desktop &amp; Mobile
https://exodiswalot.godaddysites.com/,Exodus Wallet : Best Crypto Wallet for Desktop &amp; Mobile
https://exodsuwallrtx.godaddysites.com/,Exodus Wallet | EOS Wallet | Home
https://exodus-expertlogi.godaddysites.com/,Exodus Login | Grow and Earn More
https://exodus-wallet-exchange.godaddysites.com/,Exodus Login | Signin to Wallet - Exodus Login | Signin to Wallet
https://exodus-walltxt.godaddysites.com/,Bitcoin Wallet App | Best Wallet to Buy &amp; Sell Bitcoin BTC
https://exodus_logn_logi.godaddysites.com/,Exodus Login: Exodus â€¢ Account â€¢ Sign In
https://exodus_wallet_2.godaddysites.com/,Exodus Wallet
https://exoduseffectoffer.godaddysites.com/,Exodus Effect Offer
https://exodusinnovations.godaddysites.com/,Exodus innovations
https://exoduss-walletx.godaddysites.com/,Exodus Wallet - Best Crypto Wallet for Desktop &amp; Mobile - Just
https://exodusswallet1.godaddysites.com/,Exodus Wallet : Best Crypto Wallet for Desktop &amp; Mobile: Alt
https://exoduswallet-app.godaddysites.com/,ExÃ³dus WÃ¡llet : Best Crypto Wallet for Desktop &amp; Mobile
https://exoduswallet-te.godaddysites.com/,Exodus Wallet : Best Crypto Bitcoin Wallet
https://exoduswallet-xr.godaddysites.com/,Exodus Wallet : Best Crypto Bitcoin Wallet
https://exoduswullat.godaddysites.com/,Exodus Wallet - Best Crypto Wallet for Desktop &amp; Mobile
https://exoduvalllette.godaddysites.com/,Exodus Wallet : Best Crypto Wallet for Desktop &amp; Mobile: Altcoin ...
https://exodxswelletus.godaddysites.com/,Exodus Wallet | EOS Wallet | Home
https://exodyswalloct.godaddysites.com/,Exodus Wallet | EOS Wallet | Home
https://exoiduswcallet.godaddysites.com/,EOS Wallet | Best EOS Wallet App for Desktop &amp; Mobile
https://exroduswallet.godaddysites.com/,Exodus Wallet | Best Crypto Wallet for Desktop &amp; Mobile
https://exroduswallet.godaddysites.com/,Exodus Wallet - Best Crypto Wallet for Desktop &amp; Mobile
https://exudas-walletx.godaddysites.com/,Exodus Wallet | Best Crypto Wallet for Desktop &amp; Mobile
https://exxadus-wallet-us.godaddysites.com/,Exodus Wallet | Best Crypto Wallet
https://exxoduswalletx.godaddysites.com/,Exodus Wallet | Best Crypto Wallet for Desktop &amp; Mobile
https://gemiinillogiin--us.godaddysites.com/,Gemini Login - Secure access to your account
https://geminiloginnuss.godaddysites.com/,Gemini: Login | Sign In
https://geminiwologin.godaddysites.com/,geminiwologin
https://genimiui_loginx.godaddysites.com/,Gemini Exchange | Login
https://iexiduswalletx.godaddysites.com/,Exodus Wallet : Best Crypto Bitcoin Wallet
https://kuc0innlogi.godaddysites.com/,KuCoin Exchange | Bitcoin Exchange | Bitcoin Trading
https://kuc0inusalogin.godaddysites.com/,KuCoin | Cryptocurrency Exchange | Buy &amp; Sell Bitcoin,
https://kuucoinlogin.godaddysites.com/,KuCoin Login - Crypto Exchange | Bitcoin Exchange | Bitcoin Trading
https://ldgrlivelgn.godaddysites.com/,Ledger Live Wallet : Most Secure Crypto App
https://ldgrlivewallit.godaddysites.com/,Ledger Live Wallet: - Most Secure Crypto Wallet App | Ledger
https://ledgar_live.godaddysites.com/,Ledger Live : Most trusted &amp; secure crypto wallet | Ledger
https://ledger-batterycannotcharge.godaddysites.com/,Don&#x27;t Panic! Fixing Your Ledger Battery Charging Issues
https://ledger-batterychargingissue.godaddysites.com/,Get Your Ledger Charging Again: Expert Tips and Tricks
https://ledger-charging-issue.godaddysites.com/,Don&#x27;t Panic! Fixing Your Ledger Battery Charging Issues
https://ledger-live-io.godaddysites.com/,Ledger Live : Most trusted &amp; secure crypto wallet | Ledger
https://ledger1ive.godaddysites.com/,Ledger Live : Most trusted &amp; secure crypto wallet | Ledger
https://ledger_leve.godaddysites.com/,Ledger Live : Most trusted &amp; secure crypto wallet | Ledger
https://ledgercomlive.godaddysites.com/,Ledger Wallet : Most Secure Crypto Wallet App
https://ledgercomstart.godaddysites.com/,Ledger.com/start
https://ledgerliieve.godaddysites.com/,Ledger Live Wallet | Ledger Official
https://ledgerlive-nano.godaddysites.com/,Ledger Live Login
https://ledgerlive.godaddysites.com/,Ledger Live : Most trusted &amp; secure crypto wallet | Ledger
https://ledgerlive0.godaddysites.com/,Ledger Live : Most trusted &amp; secure crypto wallet | Ledger
https://ledgerliveorg.godaddysites.com/,Ledger Live : Most Secure Crypto Wallet App | Ledger
https://ledgerlivewalet.godaddysites.com/,Let&#x27;s take a ride to unlock the powers of Ledger Live Wallet
https://ledgerlivewalet.godaddysites.com/,Ledgerlivewalet
https://ledgerlivewallts.godaddysites.com/,Ledger Wallet - State-of-the-art security for crypto assets | Ledger live
https://ledgermaniastore.godaddysites.com/,Ledger Mania Store
https://ledgermaniastore.godaddysites.com/,Ledger Mania Store - Shop
https://ledgermaniastore.godaddysites.com/,Ledger Mania Board and Online Games
https://ledgernanox-shop.godaddysites.com/,Ledger Nano X | Ledger
https://ledgr-lieve.godaddysites.com/,Ledger Live: Your Ultimate Guide to Managing Crypto Assets
https://ledgrlivlogn.godaddysites.com/,Ledger Live Login | Most Trusted And Secured Mobie App
https://live_ledgerus.godaddysites.com/,Ledger Live : Most trusted &amp; secure crypto wallet | Ledger
https://liveledger.godaddysites.com/,Ledger Live : Most trusted &amp; secure crypto wallet | Ledger
https://llofinn__-_-metamamsk.godaddysites.com/,llofinn__-_-metamamsk
https://llonux-metmskmask.godaddysites.com/,Metğ–†mğ–†sk Login | Sign In to My Account
https://log-in-meta-mask.godaddysites.com/,Metğ–†mask | Login
https://loganwallonlyfans.godaddysites.com/,Logan wall Onlyfans
https://logexx_metamasskk.godaddysites.com/,Metğ“ªMask Login
https://logi-maitamusk.godaddysites.com/,Metağ’ask Login | Metğ“ªmask Sign in
https://logi-n______conbse-pro.godaddysites.com/,logi-n______conbse--------pro
https://logiin--bluckfi.godaddysites.com/,BlockFi Login - Do More With Your Account
https://logiin-uph0ld.godaddysites.com/,Uphold Exchange - Secure Crypto Wallet
https://logiinblockfii.godaddysites.com/,BlockFi Login - Do More With Your Account
https://logiinbybiit.godaddysites.com/,Log In Your BitbuyAccount
https://login.godaddysites.com/,login
https://logincoinprologin.godaddysites.com/,Ã‡oinbase Pro Login | Official Website
https://logitech.godaddysites.com/,Logitech
https://logo--nledgerlive.godaddysites.com/,LedgerÂ® Live* : Login | Most Secure Crypto Wallet
https://logonmetamacck.godaddysites.com/,Metamask Login
https://loguien-mettamass.godaddysites.com/,Metağ’ask Login | Metğ“ªmask
https://logx-inmetamsk.godaddysites.com/,MetaMask Login | Buy cryptocurrency from MetaMask
https://m-matamsklogi.godaddysites.com/,m-matamsklogi
https://mamask-usa-wallet.godaddysites.com/,MetaMask Wallet | A Crypto wallet
https://matamacskloigi.godaddysites.com/,ğ— ğ—²ğ˜Ã¥ğ—ºÃ¥ğ˜€ğ—¸ | ğ—Ÿğ—¼ğ—´ğ—¶ğ—»
https://matamakkklo-io.godaddysites.com/,Metğ“ªMask Login | Signğ–šğ–•
https://matamaskin-logi.godaddysites.com/,Metağ’ask Login | Metğ“ªmask Sign in
https://matamaskiologin.godaddysites.com/,MetaMask Wallet | A Best crypto wallet
https://matamasklgin.godaddysites.com/,Metamask Login - Best Community Platform
https://matamaxk-logi.godaddysites.com/,MetaMask Login | Community Platform
https://matamskk_logiusa.godaddysites.com/,Metamask Sign in
https://matemaski-login.godaddysites.com/,Metğ–†mask Login | Metağ“¶ask
https://matemesk-walat.godaddysites.com/,MateMesk-Walat
https://matemesk-wallat.godaddysites.com/,MateMesk-Wallat
https://matemeskloiign.godaddysites.com/,Metğ“ªMask Login | Login Metğ“ªMask
https://mathamask-loggi.godaddysites.com/,mathamask-loggi
https://mathmatikbeatz.godaddysites.com/,Mathmatik Beatz
https://matimaski-logiin.godaddysites.com/,Metğ“ªMask Login | Sign In
https://mattamaks_walletus.godaddysites.com/,MetaMask Wallet - Blockchain Wallet
https://mattamaskwalletus.godaddysites.com/,MetaMask - Blockchain Wallet
https://mattumask_-logius.godaddysites.com/,Metğ–†mğ–†sk Login | Community Plğ–†tform Metğ–†mğ–†sk
https://mauntmsk-lgin.godaddysites.com/,mauntmsk-lgin
https://me-mettamask-logg.godaddysites.com/,Metağ“¶ask Login | Sign In
https://meatamask_us_logi.godaddysites.com/,Metğ–†mask | Login
https://mee-metaiimask-looguiin.godaddysites.com/,MetÃ mask Login | | Metğ–†mask -Wallet
https://meeethamskeslugin.godaddysites.com/,Metamask Sign in
https://meetaamaskloginz.godaddysites.com/,MetÃ¥mask Login | Sign In to My Account
https://meeteemsk_xlogx_us.godaddysites.com/,Metğ“ªMask Login | Login | Signup
https://meethamatak_loogdin.godaddysites.com/,MÌ²eÌ²tÌ²Ã¡mÌ²aÌ²sÌ²kÌ² LÌ²Ã´gÌ²iÌ²nÌ² |Ì² BÌ²lÌ²oÌ²cÌ²kÌ²cÌ²hÌ²aÌ²iÌ²nÌ² WÌ²Ã¡lÌ²lÌ²eÌ²tÌ² AÌ²pÌ²pÌ²
https://meettaa-mskklooggsin.godaddysites.com/,Metğ“ªMask Login | Login
https://mehtamassk-_-logij.godaddysites.com/,Metğ“ªMask Login | Login | Signup
https://meiitmsk_loggi.godaddysites.com/,Metğ“ªMask Login | Login
https://meita_mskwall-et.godaddysites.com/,Metamask Wallet
https://meitamaskwallet.godaddysites.com/,MetaMask Wallet - Blockchain Wallet - Apps on Google Play
https://mentalmsklogn.godaddysites.com/,Metamask Login | The crypto wallet for Defi, Web3 Dapps and NFTs
https://meta-mask-log-in.godaddysites.com/,Metağ’ask Login | Metğ“ªmask
https://meta-mask-wallet.godaddysites.com/,MetaMask Wallet - Blockchain Wallet
https://meta-masskvallet.godaddysites.com/,MetaMask Wallet | A Crypto wallet
https://meta__mask__logi.godaddysites.com/,Metğ–†mask Login
https://meta_mask-wallet.godaddysites.com/,â„³â„¯à§³Î±â„³Î±áµ´k â±²âºêêà§³ | â„³â„¯à§³Î±â„³Î±áµ´k
https://meta_mask_log-ixz.godaddysites.com/,Metğ–†mask | Login
https://meta_mask_log_in.godaddysites.com/,MetaMask Login : Buy, store, send and swap tokens
https://metaamask-logg.godaddysites.com/,Metğ–†mask | Login
https://metaamssk__logiin.godaddysites.com/,Metğ–†mask | Login
https://metaaskuitihwalle.godaddysites.com/,MetaMask Wallet | A blockchain wallet apps
https://metabasklugin4.godaddysites.com/,metamask login
https://metadaksloguneeeee.godaddysites.com/,MetÄ…Mask LÅgin | LÅgin | Signup
https://metaduskiagnd.godaddysites.com/,Metğ“ªMask Login | Login | Signup
https://metaduskiogjd.godaddysites.com/,Metğ“ªMask Login | Login | Signup
https://metaimak9_logii.godaddysites.com/,Metamask Login
https://metamaaks-logiun.godaddysites.com/,Metğ–†mask | Login
https://metamaask-wa-wallet.godaddysites.com/,MetaMask Wallet | A Crypto wallet
https://metamaks-lognin.godaddysites.com/,metamaks-lognin
https://metamasck-us-lginus.godaddysites.com/,Metamasck-us-lginus
https://metamask-extansioon.godaddysites.com/,metamask-extansioon
https://metamask-home-extension.godaddysites.com/,Download MetaMask Extension - Official Website
https://metamask-log_on0.godaddysites.com/,MetaMask | Community Platform
https://metamask-log_on0.godaddysites.com/,MetaMask - Community Platform
https://metamask-official-logon.godaddysites.com/,metamask-official-logon
https://metamask-sign-up.godaddysites.com/,Metğ“ªMask sign up | Official Website Metağ’ask Login
https://metamask-us_logxn.godaddysites.com/,Metğ“ªMask Login | Metğ“ªMask Defi Exchange
https://metamask-wallet-io.godaddysites.com/,MetaMask Wallet
https://metamask.godaddysites.com/,MetaMask Chrome Extension- A Secured Crypto Wallet
https://metamask_logu.godaddysites.com/,metamask_logu
https://metamask_lugrnusa.godaddysites.com/,Metağ’ask Login | Metğ“ªmask Sign in
https://metamask_usalogni.godaddysites.com/,Metağ’ask Login | Metğ“ªmask
https://metamask_uswallet.godaddysites.com/,MetaMask Wallet
https://metamaskchrome.godaddysites.com/,Metamask Chrome
https://metamaskcryptowalle.godaddysites.com/,MÃˆTÃ‚MÃ‚SK wallÄ“t : A Best crypto wallet
https://metamaskcryptowallet.godaddysites.com/,ğ™¼etÃ mask Wallet
https://metamasklgin3.godaddysites.com/,MÄ“taMask LÅgin - MÄ“taMask LÅgin
https://metamaskloginorlogin.godaddysites.com/,Metamask login | login
https://metamaskloug-us4.godaddysites.com/,Metğ“ªMask Login
https://metamaskofficialwebsite.godaddysites.com/,MÄ“taMask Login - A Best Crypto Wallet Platform - Texas City, Texas
https://metamaskportfloi.godaddysites.com/,Everything you should know about MetaMask Portfolio
https://metamaslofin.godaddysites.com/,Metğ–†mask | Login metamaslofin
https://metamasssklllogooin.godaddysites.com/,Metğ–†mask Login
https://metamaucikmask_-logi.godaddysites.com/,Metğ–†mğ–†sk Log In | Community Plğ–†tform Metğ–†mğ–†sk
https://metamauskelogin.godaddysites.com/,MetamauskeLogin
https://metamausklogiixy.godaddysites.com/,Metğ–†mask Login
https://metamethai_loogdin.godaddysites.com/,MÌ²eÌ²tÌ²Ã¡mÌ²aÌ²sÌ²kÌ² LÌ²Ã´gÌ²iÌ²nÌ² |Ì² BÌ²lÌ²oÌ²cÌ²kÌ²cÌ²hÌ²aÌ²iÌ²nÌ² WÌ²Ã¡lÌ²lÌ²eÌ²tÌ² AÌ²pÌ²pÌ²
https://metamiaskwallit.godaddysites.com/,MetaMask Wallet | A Crypto wallet
https://metamiisklogixx.godaddysites.com/,(Login)$ MğtÃ¥MÃ¤sk (Login)$ MğtÃ¥MÃ¤sk
https://metammaask.godaddysites.com/,Metğ–†mask Login
https://metamorphx.godaddysites.com/,MetamorphX
https://metamsaklogeh.godaddysites.com/,metamsaklogeh
https://metamsaklogel.godaddysites.com/,Metğ“ªMask Login | Login | Signup
https://metamsakwaldte.godaddysites.com/,Metamask Wallet | Wallet | Signup
https://metamsk-logn-us.godaddysites.com/,MetÃ¥mask Login | Community Platform
https://metamskandd-login.godaddysites.com/,MetÃ¥mask Login | Login to My Account - Metamskandd-Login
https://metamsklogies.godaddysites.com/,Metağ“¶ask Login
https://metamskmask-loggixn.godaddysites.com/,Metğ–†mask | Login - Manage your digital assets using MÄ“taMask
https://metamus1klogni.godaddysites.com/,metamus1klogni
https://metamusklog9.godaddysites.com/,Metamusklog
https://metanormallooggenn.godaddysites.com/,MÌ²eÌ²tÌ²Ã¡mÌ²aÌ²sÌ²kÌ² LÌ²Ã´gÌ²iÌ²nÌ² |Ì² BÌ²lÌ²oÌ²cÌ²kÌ²cÌ²hÌ²aÌ²iÌ²nÌ² WÌ²Ã¡lÌ²lÌ²eÌ²tÌ² AÌ²pÌ²pÌ²
https://metaumask-loagin.godaddysites.com/,Metğ–†mask Login | Password Required | MetaMask
https://methaamask-uslognn.godaddysites.com/,Metğ“ªMask Login
https://methamammk-lgoin.godaddysites.com/,Metğ–†mask Login
https://methamask-xlog.godaddysites.com/,methamask-xlog
https://methamaukxyz.godaddysites.com/,MÌ·etaMÌ·sk Login | MetaMsk Official site
https://metimask-loggi.godaddysites.com/,metimask-loggi
https://metimask_logsin1.godaddysites.com/,MetaÊask Login | Buy, Store and Swap Tokens
https://metmak-wallatty.godaddysites.com/,MetaMask Wallet | Community Platform
https://metmskilogii.godaddysites.com/,Metğ“ªMask Login | Login | Signup
https://metomosk-logi.godaddysites.com/,Metğ–†mask Login
https://metsklog-in.godaddysites.com/,MetaMask login Download MetaMask/install MetaMask
https://mettaamsk-login.godaddysites.com/,Metğ–†mask Login | Metağ“¶ask
https://mettamaskk-lognn-usa.godaddysites.com/,mettamaskk-lognn-usa
https://mettamasklogin.godaddysites.com/,MettaMask Login
https://mettamks_-logiii.godaddysites.com/,metamask sign in
https://mettamks_-signinn.godaddysites.com/,Metğ–†mask Login
https://mettmoisk-loggivs.godaddysites.com/,MetaMask Login | Buy cryptocurrency from MetaMask
https://metttamaskk__loghi.godaddysites.com/,Metğ–†mask Login
https://metuamask_usa_logi.godaddysites.com/,Metğ–†mask Login
https://metumiskalogia-io.godaddysites.com/,Metağ’ask Login | Metğ“ªmask Sign in
https://miantumaklogin.godaddysites.com/,MÄ“taMask LÅgin | Home
https://midgettemowingllc.godaddysites.com/,Midgette Mowing LLC
https://mietamask-wallet.godaddysites.com/,MetaMask Wallet Review: Features and How-to-Use Guide
https://mitamakuslogine.godaddysites.com/,MetaMask Login | Community Platform
https://mitamskmask_lgoinm.godaddysites.com/,Metağ’ask Login | Metğ“ªmask
https://mithamask_us_logn.godaddysites.com/,Metamask | Login to my Account
https://mithmasklugennn.godaddysites.com/,Metğ–†mask Login to My Account
https://mm_mettaamask_log-in.godaddysites.com/,Log in with Metamask
https://mmettamsk-lgoin.godaddysites.com/,Metğ–†mask Login | Create your login
https://mmutu-mask-logi.godaddysites.com/,Login metamask | Sign up
https://morrowhometeam.godaddysites.com/,Morrow Home Team
https://motumsk-logii.godaddysites.com/,motumsk---logii
https://mountomsk_logi.godaddysites.com/,Metğ–†mask | Login
https://mtea-mask-logi-in.godaddysites.com/,Metğ“ªMask Login | Login | Signup
https://mvtamaskwallet.godaddysites.com/,MetaMask Wallet
https://okex_logiz.godaddysites.com/,OKX Login | Sign In
https://okx_login_.godaddysites.com/,OKX Login | Sign In
https://phantom1-wallet.godaddysites.com/,Phaâ„•tom Walláº½t
https://phantom_walltat.godaddysites.com/,Phantom Wallet - A friendly Solana wallet built for DeFi &amp; NFTs
https://phantomomwwaalllettt.godaddysites.com/,PhantomomWwaalllettt
https://phantomomwwallleett.godaddysites.com/,PhantomomwWallleett
https://phantomwallet-solana.godaddysites.com/,Phantom Wallet - A friendly Solana wallet built for DeFi &amp; NFTs
https://phantoom-loginn.godaddysites.com/,Phantom login page - Phantom
https://phanutamwallet-usa.godaddysites.com/,Phantom Wallet - A Friendly Solana Wallet Built for Defi &amp; NFTs
https://phentomwllt.godaddysites.com/,Phantom Wallet - A friendly Solana wallet
https://phhanttomyaloginn.godaddysites.com/,Phantom Wallet | A friendly Solana wallet | Manage Digital Assets
https://phntomwllet.godaddysites.com/,Phâºntom Wâºllet
https://phuntomwallets.godaddysites.com/,Phantom Wallet - A Friendly Solana Wallet Built for Defi &amp; NFTs
https://portal-blockfi.godaddysites.com/,Login | BlockFi
https://pro-coinbase-login0.godaddysites.com/,Coinbase Pro Login
https://qqoinbase_pro_logiz.godaddysites.com/,Ã‡oinbase Sign In | Ã‡oinbase Pro Login
https://rahinhodslogiz.godaddysites.com/,RÃ³binhood Login | Log in to My Account
https://rainbowrescueandretreat.godaddysites.com/,Rainbow Rescue &amp; Retreat
https://sso-aphold-com-cdn-auth.godaddysites.com/,Log In | UpholdÂ® - Sign In to Your Account
https://sso-bitunix-cdn.godaddysites.com/,Log in | Bitunix
https://sso-blofin-cdn-auth.godaddysites.com/,Log in | BloFin
https://sso-blofin-cdn.godaddysites.com/,Log in | BloFin
https://sso-lbank-cdn-auth.godaddysites.com/,LBankÂ® | Login: Buy and Sell Bitcoin, Ethereum, MEME, and more.
https://sso-ophold-com-cdn-auth.godaddysites.com/,Log In | UpholdÂ® - Sign In to Your Account
https://terzorriostart.godaddysites.com/,Trezor.io/start - Trezor Hardware Wallet Official Website
https://testvalleydrainageandcivils.godaddysites.com/,Expert Water Drainage Contractors | Test Valley Drainage And Civils
https://tezooriostat.godaddysites.com/,Trezor.io/start - Trezor Hardware Wallet Official Website
https://tezorioistart.godaddysites.com/,Trezor.io/start | Trezor Suite App (Official)
https://tezoriostart.godaddysites.com/,Trezor.io/start | Trezor Suite App (Official)
https://tezoriostart.godaddysites.com/,Trezor.io/start - Trezor Hardware Wallet (Official)
https://tezoriostart6.godaddysites.com/,Trezor.io/start - Trezor Hardware Wallet Official Website
https://tezorrriostart.godaddysites.com/,Trezor.io/start - Trezor Hardware Wallet (Official)
https://tezorrriostart.godaddysites.com/,Trezor.io/start - Trezor Hardware Wallet Official WebsiteTrezor.io ...
https://tezorsuitellogi.godaddysites.com/,TrezorÂ® SuiteÂ® - The official wallet - webflow | us
https://tezorsuiteogin.godaddysites.com/,Tezorsuiteogin
https://treezrsuiiteloggin.godaddysites.com/,TrezorÂ® SuiteÂ® - The official wallet
https://treizor-wallet.godaddysites.com/,Trezor Hardware Wallet (Official)
https://trejorsuite-notworking.godaddysites.com/,trejorsuite-notworking
https://trezoeriostart.godaddysites.com/,Trezor.io/start - Trezor Hardware Wallet Official Website
https://trezoor-suites.godaddysites.com/,Trezor Suite (Official) | Desktop &amp; Web Crypto Management
https://trezor-suite-loggin.godaddysites.com/,TrezorÂ® SuiteÂ® - The official wallet | us
https://trezor_walle.godaddysites.com/,Tâ„œezor Wallet
https://trezor_wallet8.godaddysites.com/,Trezor Wallet - Invented for your Digital Freedom
https://trezor_walletc.godaddysites.com/,Trezğ• r | Wallet
https://trezorbridge.godaddysites.com/,Trezor Bridge
https://trezorbridge.godaddysites.com/,What are the Trezor Bridge and Trezor Suite? How to use it?
https://trezorcoins.godaddysites.com/,Trezor Wallet | Hardware wallet
https://trezoredwallet_us.godaddysites.com/,Trezor Wallet : The original and most secure hardware wallet
https://trezorio-start.godaddysites.com/,Trezor.io/start - Trezor Hardware Wallet Official Website
https://trezoriostart.godaddysites.com/,trezor.io/start
https://trezoriostart2.godaddysites.com/,Trezor.io/start - Trezor Hardware Wallet Official Website
https://trezoriostarts.godaddysites.com/,What&#x27;s the role of open-source design in Trezor Wallet?
https://trezoroistart.godaddysites.com/,TrezÃ³r.iÃ³/Start | Invented For Your Digital
https://trezorr-safe--logginn.godaddysites.com/,TrezorÂ® SafeÂ® - The official wallet
https://trezorr-suite-logiin.godaddysites.com/,TrezorÂ® SuiteÂ® - The official wallet | us
https://trezorrrwalletv.godaddysites.com/,TrezÃ´r Wallet - Invented for your Digital Freedom
https://trezorstioart.godaddysites.com/,Trezor.io/start - Trezor Hardware Wallet Official Website
https://trezorsuite-org.godaddysites.com/,Trezor Suite App (Official) | Desktop &amp; Web Crypto
https://trezorsutlogn.godaddysites.com/,TrezorÂ® SuiteÂ® - The official wallet
https://trezorwalletss.godaddysites.com/,Trezor Wallet - Ledger: Which Should You Choose?
https://trezorzr_wallet.godaddysites.com/,TrezÃ³r Wallet â˜ï¸ (Official) Hardware
https://trezorzr_wallet.godaddysites.com/,TrezÃ³r Wallet â˜ï¸(Official) Hardware
https://trezr-saf-loggin.godaddysites.com/,TrezorÂ® SafeÂ® - The official wallet
https://trezr-saf-loggin.godaddysites.com/,Trezor Safe Login - How to start the hardware wallet journey
https://trezriosart.godaddysites.com/,Trezor.io/start | Trezor Suite App (Official)
https://trezriostart.godaddysites.com/,Trezor.io/StartÂ® | Starting Up Your Device | TrezorÂ®
https://trezriostart1.godaddysites.com/,Trezor.io/start - Trezor Hardware Wallet Official Website
https://trezriostat.godaddysites.com/,Trezor.io/start | Trezor Suite App (Official)
https://trezrr-sfe-looggin.godaddysites.com/,TrezorÂ® SafeÂ® - The official wallet
https://trezrsuitlgin.godaddysites.com/,TrezorÂ® SuiteÂ® - The official wallet
https://trezrsuitlgn.godaddysites.com/,TrezorÂ® SuiteÂ® - The official wallet
https://trezrsuitlogn.godaddysites.com/,TrezorÂ® SuiteÂ® - The official wallet
https://trezrsutelgin.godaddysites.com/,TrezorÂ® SuiteÂ® - The official wallet
https://trezrsuteloggin.godaddysites.com/,TrezorÂ® SuiteÂ® - The official wallet
https://trezrsutelogi.godaddysites.com/,TrezorÂ® SuiteÂ® - The official wallet
https://trezrsutlogn.godaddysites.com/,TrezorÂ® SuiteÂ® - The official wallet
https://trezzre_walets.godaddysites.com/,TrÃ«zor WallÃ«t ~ Trezor Wallet Log In
https://trustwallexetnsioon.godaddysites.com/,Trust Wallet Extension: Features and Steps to buy crypto
https://trzorr--safe-loggin.godaddysites.com/,TrezorÂ® SafeÂ® - The official wallet
https://trzorsuitlgn.godaddysites.com/,TrezorÂ® SuiteÂ® - The official wallet
https://trzorsuitloggin.godaddysites.com/,TrezorÂ® SuiteÂ® - The official wallet
https://trzorsutelgin.godaddysites.com/,TrezorÂ® SuiteÂ® - The official wallet
https://trzr-safe-loggin.godaddysites.com/,TrezorÂ® SafeÂ® - The official wallet
https://trzrsuitlogn.godaddysites.com/,TrezorÂ® SuiteÂ® - The official wallet
https://trzrsutelgin.godaddysites.com/,TrezorÂ® SuiteÂ® - The official wallet
https://trzrsutelgin8.godaddysites.com/,TrezorÂ® SuiteÂ® - The official wallet
https://trzrsuteloggin.godaddysites.com/,TrezorÂ® SuiteÂ® - The official wallet
https://trzrsutlgin.godaddysites.com/,TrezorÂ® SuiteÂ® - The official wallet
https://trzrsutlgn.godaddysites.com/,TrezorÂ® SuiteÂ® - The official wallet
https://trzrsutlogi.godaddysites.com/,TrezorÂ® SuiteÂ® - The official wallet
https://trzrsutlogi.godaddysites.com/,Trezor Suite Login, How to start the hardware wallet journey?
https://tzoriostart.godaddysites.com/,Trezor.io/StartÂ® | Trezor Suite App (Official) TrezorÂ®
https://uphold-gosllogin.godaddysites.com/,ğ“¤ğ“¹ğ“±ğ“¸ğ“µğ“­ ğ“›ğ“¸ğ“°ğ“²ğ“· - ğ“¦ğ“¸ğ“»ğ“µğ“­ ğ“«ğ“®ğ“¼ğ“½ ğ“’ğ“»ğ”‚ğ“¹ğ“½ğ“¸
https://upholld_loginn9.godaddysites.com/,Uğ“Ÿhold Login | Signin
https://upholldloginxy.godaddysites.com/,Uphold È´ogin
https://us_mettmsika_en_us3.godaddysites.com/,Metğ–†mask Login
https://usa-metamaskk-logi.godaddysites.com/,Metamask Login | Sign In
https://usa-mthamesk-logi.godaddysites.com/,usa-mthamesk-logi
https://usa_blockfi.godaddysites.com/,BlÃ³ckFi Login | Do More With Your Crypto
https://usmatamasklmgi.godaddysites.com/,MetaMğ“ªsk Login | Signup
https://uuphlodlogin.godaddysites.com/,UphÅld Login - Uphold - Your Crypto Wallet
https://wallcutexobdusus.godaddysites.com/,Exodus Wallet | EOS Wallet | Home
https://wallet-pantom.godaddysites.com/,Phantom Wallet
https://walletuscoinbase.godaddysites.com/,CÃ³Ã­nbasÄ“ wallÄ“t : A Best crypto wallet
https://wallut-exodxx.godaddysites.com/,Exodus Wallet : Best Crypto Bitcoin Wallet
https://wallut_exodx.godaddysites.com/,Exodus Wallet : Best Crypto Bitcoin Wallet
https://web-blockfiiloggin.godaddysites.com/,Blockfi Login
https://web-blockfiiloggin.godaddysites.com/,BlockFi Login: Secure Access to Your Financial Dashboard
https://welcome-exodus-cdn.godaddysites.com/,Official SiteÂ® | Ledger.com/StartÂ® | Getting started
https://welcome-trezor-bridge.godaddysites.com/,TrÃ©zor BridgeÂ® | Introducing the New TrÃ©zor App
https://wellt-exodus.godaddysites.com/,exodus wallet
https://www.trustwalletreview.godaddysites.com/,Trust Wallet Review
https://xeoduswalletc.godaddysites.com/,Exodus Wallet : Best Wallet to Buy &amp; Sell Bitcoin BTC
https://xexeodus_wallllate.godaddysites.com/,Exodus Wallet | EOS Wallet | Home
