https://aaatomicalletextension.mystrikingly.com/,Atomic Wallet Extension | Sign In To Account on Strikingly
https://aatomicalletextensionhelp.mystrikingly.com/,Atomic Wallet Extension |Getting Started: Wallet Extension on Strikingly
https://aatomicwaletxtension.mystrikingly.com/,Atomic Wallet Extension - Sign In on Strikingly
https://aatomicwalletxtension.mystrikingly.com/,Atomic Wallet* Extension* | Official@ Website@ on Strikingly
https://app-ledger-live.mystrikingly.com/,Ledger Live App: Buy, Sell, Stake and Swap Crypto on Strikingly
https://apps---hashpackwllet.mystrikingly.com/,HashPack Wallet ExtensionÂ® | Powering your web3 adventure on Strikingly
https://apptrez-suite.mystrikingly.com/,Trezor Suite | Trezor Suite App (Official) | Docs on Strikingly
https://atomic-auth---cdn.mystrikingly.com/,Atomic Wallet - Secure Your Crypto With Confidence On Strikingly on ...
https://atomic-cdn-auths.mystrikingly.com/,Atomic - Wallet On Strikingly on Strikingly
https://atomicalleteextension.mystrikingly.com/,Atomic Wallet Extension |Getting Started: Wallet Extension on Strikingly
https://atomicalletxtension.mystrikingly.com/,Atomic Wallet Extension | Sign In on Strikingly
https://atomicdexwallett.mystrikingly.com/,Atomicdex&#x27;s Site on Strikingly
https://atomicwalleteextension.mystrikingly.com/,Atomic Wallet Extension | Crypto Trading Area on Strikingly
https://atomicwalletextensin.mystrikingly.com/,Atomic Wallet Extension |Getting Started: Wallet Extension on Strikingly
https://atomicwallethelp.mystrikingly.com/,Atomic Wğ—®llet - Exchange in One Crypto Wallet on Strikingly
https://atomicwalletxtension.mystrikingly.com/,Atomic Wallet Extension | Manage Cryptocurrency Assets on Strikingly
https://authhashpackschromeextension.mystrikingly.com/,HashPack Chrome ExtensionÂ® | Official Website on Strikingly
https://bangxephangligue1.mystrikingly.com/,Báº£ng&#x27;s Site on Strikingly
https://begin-ledger-cdn.mystrikingly.com/,LedgerÂ® Live: Download | Getting Started with LedgerÂ® | help
https://begin-trzor-cdn.mystrikingly.com/,Trezor.io/StartÂ® | Starting Up Your Device | TrezorÂ® on Strikingly
https://being-en-trezer-us.mystrikingly.com/,TrÃ©zor.io/StartÂ® | Starting Up Your Device | TrezorÂ® on Strikingly
https://being-ledger-help.mystrikingly.com/,Ledger Live - Securely Manage Your Crypto Portfolio
https://being-suite-trzer.mystrikingly.com/,Trezor Suite (Official) | Trezor Suite App (Official) on Strikingly
https://blackfilogin.mystrikingly.com/,BlÃ³ckFi Login | Digital Money Exchange on Strikingly
https://bloackfi-login.mystrikingly.com/,BlÃ³ckFi Login on Strikingly
https://blockcfi-logn.mystrikingly.com/,BlÃ³ckFi Login | Digital Money Exchange on Strikingly
https://blockefi-login.mystrikingly.com/,BlÅckfi LÅgin on Strikingly
https://blockfi-loggiii.mystrikingly.com/,BlÃ³ckFi Login | Do More With Your Crypto on Strikingly
https://blockfiiiloogin.mystrikingly.com/,BlockFi Login on Strikingly
https://blockfiusalogin-in.mystrikingly.com/,BlÃ³ckFi Login | Do More With Your Crypto on Strikingly
https://blockfiusdtlogin.mystrikingly.com/,BlÃ³ckFi Login | Do More With Your Crypto on Strikingly
https://blockife-login.mystrikingly.com/,BlÃ³ckFi Login | Digital Money Exchange on Strikingly
https://blokfi-login.mystrikingly.com/,BlÃ³ckFi login | Do More With Your Crypto - Buy, Sell, Trade on Strikingly
https://blokfilogin.mystrikingly.com/,á¸‚lÃ³ckFi Ä¹Ã³giÅ„ | á¸‚uy &amp; Trade CryptÃ³ | á¸‚lÃ³ckFi Ä¹Ã³giÅ„ on Strikingly
https://bluckfe-login.mystrikingly.com/,BlÃ³ckFi Login | Digital Money Exchange on Strikingly
https://bockfiiloginus.mystrikingly.com/,Blockfi Login - Sign In on Strikingly
https://bridge-docs-trzc.mystrikingly.com/,TrÃ©zorÂ® BridgeÂ® | Introducing the New TrÃ©zor on Strikingly
https://bridge-trozre.mystrikingly.com/,TrÃ©zor BridgeÂ® | (en-US) | Introducing the New TrÃ©zor App on Strikingly
https://brower-legerr-secure-us.mystrikingly.com/,LedgerÂ® Live: Login | Getting startedâ„¢ with LedgerÂ® | Browser
https://ccinspotllogin.mystrikingly.com/,Log In | CoinSpotÂ® | Sign In to Your Account on Strikingly on Strikingly
https://ccoin-m-spotlogin.mystrikingly.com/,Log In | CoinSpotÂ® | Sign In to Your Account on Strikingly on Strikingly
https://cdn-ledger.mystrikingly.com/,LedgerÂ® Live: Download | Getting startedâ„¢ LedgerÂ® Live on Strikingly
https://choice-hardware-trezor.mystrikingly.com/,Trezorâ„— Hardwareâ‹‡ - Wallet** | Getting Started | TreZorÂ® (official) on ...
https://choose-wallet-ledger.mystrikingly.com/,Ledger Live WalletÂ® - Manage Your CryptoÂ® Securely on Strikingly
https://coeinbassprologin.mystrikingly.com/,CÃ³inbÃ¡se Pro login | The most trusted platform for trading on Strikingly
https://coinbase-instant-withdrawal.mystrikingly.com/,Cryptocurrency Exchange on Strikingly
https://coinbasegprologin.mystrikingly.com/,CoinbÃ¡Å›Ã© Pro Login | Digital Asset Exchange on Strikingly
https://coinbasuwallet.mystrikingly.com/,Coinbase Wallet and Coinbase.com: Your Ultimate Crypto Guide
https://coinbosslogin.mystrikingly.com/,CÃ³inbase Pro Login | Sign In - Buy &amp; Sell on Strikingly
https://coinbseprolognus.mystrikingly.com/,Ã‡oinbase Pro | Digital Asset Exchange on Strikingly
https://coinsmart-logi.mystrikingly.com/,CoinSmart Login - Canada&#x27;s Most Trusted Crypto Trading Platform
https://coinspot---login---auth---sso.mystrikingly.com/,CoinSpot LoginÂ® | Sign In to Your Account | Log In on Strikingly
https://coinspot-llogiauth.mystrikingly.com/,CoinSpot Login | Start Trading your Digital Currencies on Strikingly
https://coinssspotllogin.mystrikingly.com/,CoinSpot Login | Buy, Sell &amp; Swap over 500 currencies on Strikingly
https://com-ledgerstart.mystrikingly.com/,Official SiteÂ® | Ledger.com/StartÂ® - Getting started on Strikingly
https://computer-trezor-io.mystrikingly.com/,Trezor.io/StartÂ® | Starting Up Your Device | TrezorÂ® on Strikingly
https://conbosoproaologiusa.mystrikingly.com/,Ã‡oinbase Pro | Login on Strikingly
https://connect-trezoor-cdn.mystrikingly.com/,TrÃ©zorÂ® HardwareÂ® - Wallet | Starting Up Your Device | TrezorÂ® on ...
https://connect-trezoor-cdn.mystrikingly.com/,Trezor Hardware Wallet - Secure Your Crypto Assets
https://connectwallet-io.mystrikingly.com/,WalletConnect: The onchain UX ecosystem â€” WalletConnect on Strikingly
https://convenience-ledger-cdn.mystrikingly.com/,LedgerÂ® Live: Wallet | Getting started with Ledger on Strikingly
https://cowswapwallet.mystrikingly.com/,CoW Swap | The Smartest Way To Trade Cry on Strikingly
https://defi-ledger-eng.mystrikingly.com/,TrezorÂ® Hardware Wallet - Secure Your Crypto Easily on Strikingly
https://docs--hardware-trezor-cdn.mystrikingly.com/,Trezor** Hardwareâ‹‡ Walletâ¨· | TreZorÂ® (Docs) - US on Strikingly
https://docs-bridge-trizer.mystrikingly.com/,TrÃ©zor BridgeÂ® | (en-US) | Introducing the New TrÃ©zor App on Strikingly
https://docs-bridge-trizer.mystrikingly.com/,Trezor BridgeÂ® | (en-Us) | Introducingâ„¢ The New TreZorâ„¢ Apps
https://docs-hardware-cdn.mystrikingly.com/,Trezor Hardware Wallet: The Ultimate Crypto Security Tool on Strikingly
https://docs-start-trizer.mystrikingly.com/,Trezor.io/StartÂ® | Starting Up Your Device | TrezorÂ® on Strikingly
https://docs-suite-trzoor-cdn.mystrikingly.com/,Trezor Suite App (Official) | Desktopââ &amp;&amp; Web Crypto Management
https://docs-wllets--ledger-cdn.mystrikingly.com/,Ledgerâ„¢ Live** WalletÂ® | Ledger***** on Strikingly
https://download-install-ledger.mystrikingly.com/,LedgerÂ® Live: Download | Getting Started with LedgerÂ® on Strikingly
https://downloads-cdn-ledger.mystrikingly.com/,LedgerÂ® Live: Download | Getting Started with LedgerÂ® on Strikingly
https://downloads-ledgxr.mystrikingly.com/,LedgerÂ® Live: Download | Getting Started with LedgerÂ® | help on Strikingly
https://dream-home-dubai.mystrikingly.com/,Dream Home Dubai | Home Station | Real Estate Dubai | Dubai Property on ...
https://easily-wallet.mystrikingly.com/,Trezor Online Wallet - Secure Web3 App for Crypto Management on Strikingly
https://eixduswallit.mystrikingly.com/,EXOâ……US WAÄ¹Ä¹ET - BEST WALLET TO BUY &amp; SELL BITCOIN on Strikingly
https://ellipalwallet.mystrikingly.com/,ELLIPAL: Crypto Hardware Wallets | Secur on Strikingly
https://en---coinbasepro--cdn.mystrikingly.com/,Official SiteÂ® | Coinbase Pro | Digital Asset ExchangeÂ® on Strikingly
https://en-coiinbasr-cdn.mystrikingly.com/,Official SiteÂ® | Coinbase Pro | Digital Asset ExchangeÂ® on Strikingly
https://en-suite--trezzor.mystrikingly.com/,Trezor Suite App (Official) | Desktopââ &amp;&amp; Web Crypto Management
https://eng-trezor-help.mystrikingly.com/,Trezor @Login | The Official Wallet | Help on Strikingly
https://eng-welcome-bridge.mystrikingly.com/,Understanding Trezor Bridge: The Key to Seamless Hardware Wallet ...
https://eng-welcome-bridge.mystrikingly.com/,TrÃ©zorÂ® BridgeÂ® | (en-Us) | Introducingâ„¢ The New TreZorâ„¢ Apps on Strikingly
https://even-ledger-cdn.mystrikingly.com/,LedgerÂ® Live: Wallet | Getting started on Strikingly
https://exodaswalllety.mystrikingly.com/,Exodus Wallet : Best Crypto Bitcoin Wallet on Strikingly
https://exodoswallet.mystrikingly.com/,Exodus Wallet - Best Crypto Wallet for Desktop &amp; Mobile In USA
https://exodsxwallet.mystrikingly.com/,Exodus Wallet : Best Crypto Bitcoin Wallet on Strikingly
https://exodues-wallet.mystrikingly.com/,Exodus Wallet - Best Crypto Wallet for Desktop &amp; Mobile on Strikingly
https://exodus-wellet.mystrikingly.com/,Exodus Wallet - Best Crypto Wallet for Desktop &amp; Mobile on Strikingly
https://exoduswaleet.mystrikingly.com/,Exodus Wallet : Best Wallet For Deskto on Strikingly
https://exoduswalletextention.mystrikingly.com/,ExodusÂ® Web3 WalletÂ® | Exodus Browser Extension on Strikingly
https://exoduswollet.mystrikingly.com/,Exodus Wallet - Best Crypto Wallet for Desktop &amp; Mobile on Strikingly
https://exodux-waltx-io.mystrikingly.com/,Exodus Wallet : Best Crypto Bitcoin Wallet on Strikingly
https://exoduxwallet.mystrikingly.com/,Exodus Wallet : Best Crypto Bitcoin Wallet on Strikingly
https://exxodxwallet.mystrikingly.com/,Exodus Wallet : Best Crypto Bitcoin Wallet on Strikingly
https://get-bridge-trz.mystrikingly.com/,TrÃ©zor BridgeÂ® | (en-US) | Introducing the New TrÃ©zor App on Strikingly
https://grow-ledger-help.mystrikingly.com/,Official SiteÂ® | Ledger.com/StartÂ® | Getting started on Strikingly
https://hardware-trezorwallet.mystrikingly.com/,TrÃ©zorÂ® HardwareÂ® Wallet | Get Started With | TrÃ©zorÂ® on Strikingly
https://hash----packallet.mystrikingly.com/,HashPackÂ® WalletÂ® ExtensionÂ® | Download HashPack on Strikingly
https://hash---packkkwallet.mystrikingly.com/,HashPackÂ® WalletÂ® ExtensionÂ® | Official Website on Strikingly
https://hash--packallet.mystrikingly.com/,HashPack Wallet ExtensionÂ® | Powering your web3 adventure on Strikingly
https://hash-com-packlogin.mystrikingly.com/,HashPack Wallet ExtensionÂ® | Powering your web3 adventure on Strikingly
https://hashpaaackwallet.mystrikingly.com/,HashPack Wallet ExtensionÂ® | Powering your web3 adventure on Strikingly
https://hashpack---wallet---extension.mystrikingly.com/,HashPack Wallet Extension for Chrome and Firefox - Official Website on ...
https://hashpack---wallet-ext.mystrikingly.com/,HashPack Wallet Extension for Chrome and Firefox - Official Website on ...
https://hashpack--wallet--extension.mystrikingly.com/,HashPackÂ® WalletÂ® ExtensionÂ® | Official Website on Strikingly
https://hashpackalleeetas.mystrikingly.com/,HashPack Wallet Extension for Chrome and Firefox on Strikingly
https://hashpackalleticon.mystrikingly.com/,HashPack Wallet ExtensionÂ® | Powering your web3 adventure on Strikingly
https://hashpacks-chrome---extension--sso.mystrikingly.com/,HashPack Wallet ExtensionÂ® | Official Website on Strikingly
https://hashpackschrome--extension--sso.mystrikingly.com/,HashPack Wallet ExtensionÂ® | Official Website on Strikingly
https://hashpackwwalletas.mystrikingly.com/,HashPack Wallet Extension for Chrome and Firefox on Strikingly
https://help--ledgerlive-desktop.mystrikingly.com/,LedgerÂ® Live: Desktop | Getting started with Ledger on Strikingly
https://help-bridge.mystrikingly.com/,Trezor BridgeÂ® | (en-Us) | Introducingâ„¢ The New TreZorâ„¢ Apps on Strikingly
https://help-en-ledgr-cdn.mystrikingly.com/,LedgerÂ® Live: Wallet | Getting Started with Ledger on Strikingly
https://help-en-ledr-cdn.mystrikingly.com/,LedgerÂ® Live: Desktop | Getting started - LedgerÂ® ğ’ğ®ğ©ğ©ğ¨ğ«ğ­ on Strikingly
https://help-en-trezor-us.mystrikingly.com/,TrÃ©zor.io/StartÂ® | Starting Up Your Device | TrezorÂ® on Strikingly
https://help-hardwaretrzor-cdn.mystrikingly.com/,TrÃ©zorÂ® HardwareÂ® - Wallet | Getting Started on Strikingly
https://help-ledger-cdn.mystrikingly.com/,Official SiteÂ® | Ledger.com/StartÂ® | Getting started on Strikingly
https://help-ledger-desk.mystrikingly.com/,LedgerÂ® Live: Desktop | Getting started with Ledger on Strikingly
https://help-ledgerlive-cdn.mystrikingly.com/,LedgerÂ® Live: | Getting started : with LedgerÂ® on Strikingly
https://help-ledgrcdn-live.mystrikingly.com/,LedgerÂ® Live: | Getting started : with LedgerÂ® on Strikingly
https://help-live-desktop.mystrikingly.com/,LedgerÂ® Live: Desktop | Getting started with Ledger on Strikingly
https://help-live-io-ledge.mystrikingly.com/,LedgerÂ® Live: Wallet | Getting started with Ledger on Strikingly
https://help-metamask-chrome.mystrikingly.com/,MetaMaskÂ® ChromeÂ® | ExtensionÂ® | MetaMask on Strikingly
https://help-pages--ledgr.mystrikingly.com/,LedgerÂ® Live: Download | Getting startedâ„¢ with LedgerÂ® on Strikingly
https://help-suite-en-trozor.mystrikingly.com/,Trezor Suite | Trezor Suite App (Official) on Strikingly
https://help-trezor-us.mystrikingly.com/,TrÃ©zor.io/StartÂ® | Starting Up Your Device | TrezorÂ® on Strikingly
https://helps-coinpro-learn-cdn.mystrikingly.com/,Official SiteÂ® | Coinbase Pro | Digital Asset ExchangeÂ® on Strikingly
https://hhash---packwwalet.mystrikingly.com/,HashPack Wallet ExtensionÂ® | Powering your web3 adventure on Strikingly
https://hhashpackwwwllet.mystrikingly.com/,HashPackÂ® WalletÂ® ExtensionÂ® | Download HashPack on Strikingly
https://hhashppackallet.mystrikingly.com/,HashPack Wallet ExtensionÂ® | Powering your web3 adventure on Strikingly
https://hhashppackwallet.mystrikingly.com/,HashPack Wallet ExtensionÂ® | Powering your web3 adventure on Strikingly
https://hhashpppackwallet.mystrikingly.com/,HashPackÂ® WalletÂ® ExtensionÂ® | Download HashPack on Strikingly
https://hhhash-packwwallet.mystrikingly.com/,HashPackÂ® WalletÂ® ExtensionÂ® | Sign In on Strikingly
https://hhsh---packwwalet.mystrikingly.com/,HashPack Wallet ExtensionÂ® | Powering your web3 adventure on Strikingly
https://hhsh-packwallet.mystrikingly.com/,HashPackÂ® WalletÂ® ExtensionÂ® | Official Website on Strikingly
https://hhshpack---wallet.mystrikingly.com/,Download HashPack Wallet Extension for Chrome on Strikingly
https://hhshpackwwllet.mystrikingly.com/,HashPackÂ® WalletÂ® ExtensionÂ® | Official Website on Strikingly on Strikingly
https://hhshppackwllet.mystrikingly.com/,HashPack Wallet ExtensionÂ® | Powering your web3 adventure on Strikingly
https://home-docs-suite.mystrikingly.com/,Trezor Suite (Official) | Trezor Suite App (Official) on Strikingly
https://home-sushiswap.mystrikingly.com/,Sushi Swap : Secure And Efficient Decent on Strikingly
https://home-trezon.mystrikingly.com/,Trezor Suite (Official) App | Desktop &amp; Web Crypto Management on Strikingly
https://hsh---packwwallet.mystrikingly.com/,HashPackÂ® WalletÂ® ExtensionÂ® | Official Website on Strikingly
https://hshppackwwallet.mystrikingly.com/,HashPackÂ® WalletÂ® ExtensionÂ® | Download HashPack on Strikingly
https://hub---hashpackwallet.mystrikingly.com/,HashPack Wallet ExtensionÂ® | Powering your web3 adventure on Strikingly
https://individuals-trezor-hardware.mystrikingly.com/,TrÃ©zorÂ® HardwareÂ® - Wallet | Starting Up Your Device on Strikingly
https://info-ledger.mystrikingly.com/,Ledger Live WalletÂ® - Manage Your CryptoÂ® Securely on Strikingly
https://info-trezor-being.mystrikingly.com/,TrÃ©zorÂ® HardwareÂ® | Wallet | Getting Started on Strikingly
https://initialize-ledger-cdn.mystrikingly.com/,Official SiteÂ® | Ledger.com/StartÂ® | Getting started on Strikingly
https://install-start-trezor.mystrikingly.com/,Trezor.io/StartÂ® | Starting Up Your Device | TrezorÂ® on Strikingly
https://install-trezor-being.mystrikingly.com/,TrÃ©zorÂ® HardwareÂ® - Wallet | Starting Up Your Device | HelpÂ® on Strikingly
https://install-trezor-being.mystrikingly.com/,Trezor Hardware Wallet - Secure Your Crypto with Ease
https://intelligent-blockfi-cdn.mystrikingly.com/,Login | BlockFi on Strikingly
https://introducing-bridge-trezr.mystrikingly.com/,TrÃ©zor BridgeÂ® | Introducing the New TrÃ©zor App on Strikingly
https://keepkey-hardware-cdn.mystrikingly.com/,KeepKey Hardware Wallet - The Next Front on Strikingly
https://learn-ledgere-en-help.mystrikingly.com/,LedgerÂ® Live: Desktop | Getting started with Ledger on Strikingly
https://learn-ledgere-en-us.mystrikingly.com/,LedgerÂ® Live: Desktop | Getting Started with LedgerÂ® | help
https://learn-trezor-help.mystrikingly.com/,Trezor @Login | The Official Wallet | Help on Strikingly
https://learn-trezorbridge.mystrikingly.com/,Trezor Suite App (Official) | Desktop &amp; Web Crypto Exchange
https://learn-trezorlogin.mystrikingly.com/,Trezor Login | Trezor Hardware Wallet (Official) on Strikingly
https://learn-trezorsuite.mystrikingly.com/,Trezor Suite App (Official) | Desktop &amp; Web Crypto Exchange
https://learn-trezorsuiteapp.mystrikingly.com/,Trezor Suite App (Official) | Desktop &amp; Web Crypto Exchange
https://learn-trezorwallet.mystrikingly.com/,Trezor Hardware Wallet (Official) | Bitcoin &amp; Crypto Security on Strikingly
https://learn-trezr-web.mystrikingly.com/,TrezorÂ® WalletÂ® | Getting Started | TreZorÂ® (official) on Strikingly
https://ledeger-start-cdn.mystrikingly.com/,Official SiteÂ® | Ledger.com/StartÂ® | Getting started on Strikingly
https://ledgaerlivedesktop.mystrikingly.com/,Ledger Live Desktop | Getting started with Ledger Live on Strikingly
https://ledgar-live.mystrikingly.com/,Ledger Live : Most Secure Crypto Wallet App | Ledger
https://ledgarlivedownload.mystrikingly.com/,Ledger Live: Download and Install for web &amp; Desktop on Strikingly
https://ledgarlivelogin.mystrikingly.com/,Ledger Live Login | Get started with Ledger on Strikingly
https://ledgarlivewallet.mystrikingly.com/,Ledger live: Wallet get stared with Ledger on Strikingly
https://ledger-lives.mystrikingly.com/,LedgerÂ® Live: Download | Getting Started with LedgerÂ® | Portal on ...
https://ledger-loginlive.mystrikingly.com/,LedgerÂ® Live: Login | Getting startedâ„¢ with LedgerÂ® on Strikingly
https://ledger-rewards-live.mystrikingly.com/,LedgerÂ® Live: Desktop | Getting started - LedgerÂ® ğ’ğ®ğ©ğ©ğ¨ğ«ğ­ on Strikingly
https://ledgercomstaart.mystrikingly.com/,Ledger.com/Start: Your Gateway to Secure Crypto Management
https://ledgereliveapp.mystrikingly.com/,Ledger Live App | Buy, Sell, Stake Getting Started with Ledger
https://ledgerelivedesktop.mystrikingly.com/,Ledger Live Desktop | Getting started with Ledger Live on Strikingly
https://ledgerlive--app-docss.mystrikingly.com/,LedgerÂ® Live App | Secure Cryptocurrency Management
https://ledgerlive--deskktop.mystrikingly.com/,LedgerÂ® Live: DesktopÂ® | Getting started with Ledger
https://ledgerlive-wallet.mystrikingly.com/,Ledger Live Crypto Wallet App | Ledger on Strikingly
https://ledgerlivedastop.mystrikingly.com/,Ledger live: Ledger live Desktop &amp; Web on Strikingly
https://ledgerlivedownload-live.mystrikingly.com/,Getting started with Ledger Live on Strikingly
https://ledgerwallet-live.mystrikingly.com/,Ledger Wallet &amp; Crypto Wallet - Security for Crypto on Strikingly
https://ledjer-app-live.mystrikingly.com/,LedgerÂ® Live: Desktop | Getting started with Ledger on Strikingly
https://live--support--ledger.mystrikingly.com/,LedgerÂ® Live: | Getting started with Ledger on Strikingly
https://live-desktop-cdn.mystrikingly.com/,LedgerÂ® Live: Desktop | Getting started - LedgerÂ® ğ’ğ®ğ©ğ©ğ¨ğ«ğ­ on Strikingly
https://live-desktop-ledger.mystrikingly.com/,LedgerÂ® Live: Desktop | Getting Started with LedgerÂ® | help on Strikingly
https://live-desktop-ledger.mystrikingly.com/,Ledger Live Desktop - Securely Manage Your Crypto Portfolio
https://live-desktop-ledgerr.mystrikingly.com/,LedgerÂ® Live: Desktop | Getting started - LedgerÂ® ğ’ğ®ğ©ğ©ğ¨ğ«ğ­ on Strikingly
https://live-desktop-ledgrr.mystrikingly.com/,LedgerÂ® Live: Desktop | Getting Started with LedgerÂ® | help on Strikingly
https://live-desktop.mystrikingly.com/,LedgerÂ® Live: Desktop | Getting Started with LedgerÂ® | help
https://live-ledger.mystrikingly.com/,LedgerÂ® Live: Download | Getting Started with LedgerÂ® | Portal on ...
https://live-ledgerapp.mystrikingly.com/,LedgerÂ® Live: App** | Getting started with Ledger on Strikingly
https://live-ledgerdesktop.mystrikingly.com/,LedgerÂ® Live: Desktop | Getting started with Ledger on Strikingly
https://live-ledgerdownload.mystrikingly.com/,LedgerÂ® Live: Download | Getting Started with LedgerÂ® | Portal on ...
https://live-multiple-ledger.mystrikingly.com/,LedgerÂ® Live: Download | Getting startedâ„¢ LedgerÂ® Live on Strikingly
https://liveapp-ledger.mystrikingly.com/,LedgerÂ® Live: App | Getting startedÂ©* LedgerÂ© Live on Strikingly
https://liveledger-live.mystrikingly.com/,LedgerÂ® LiveÂ® AppÂ® | Ledger Live Official Wallet | Ledger on Strikingly
https://liveledger-live.mystrikingly.com/,LedgerÂ® LiveÂ® AppÂ® | Ledger Live Official Wallet | Ledger
https://liveledger-wallet.mystrikingly.com/,Ledger Wallet &amp; Crypto Wallet - Security for Crypto on Strikingly
https://lives-ledger.mystrikingly.com/,LedgerÂ® Live: Download | Getting Started with LedgerÂ® | Portal on ...
https://log-in-ledger.mystrikingly.com/,Ledger live login on Strikingly
https://logn-trezor.mystrikingly.com/,Trezor @Login | Starting Up Your Device | TrezorÂ® on Strikingly
https://made-ledger-download.mystrikingly.com/,LedgerÂ® Live: Download | Getting Started with LedgerÂ® | help on Strikingly
https://magicedenwallatextension.mystrikingly.com/,Magic Eden - NFT Marketplace on Strikingly
https://manage-ledger-cdn.mystrikingly.com/,Ledger Live Download - Secure Crypto Management Made Easy
https://manage-ledger-start-cdn.mystrikingly.com/,Official SiteÂ® | Ledger.com/StartÂ® | Getting started on Strikingly
https://manage-trezor-cdn.mystrikingly.com/,Trezor Suite | Trezor Suite App (Official) on Strikingly
https://management-trezor-cdn.mystrikingly.com/,Trezor Suite (Official) | Desktop &amp;&amp; Web Crypto* Management on Strikingly
https://management-trezor-tool.mystrikingly.com/,Trezor Suite App (Official) | Desktop &amp;&amp; Web Crypto* Management on ...
https://maskneetworkextension.mystrikingly.com/,Mask Network extension on Strikingly
https://masknetworkmask.mystrikingly.com/,Mask Network|Mask Network on Strikingly
https://matemassklogiin.mystrikingly.com/,MÃ©taMaÅ›k Login | login in to account on Strikingly
https://matters-ledger-login.mystrikingly.com/,Ledger Live Login - Securely Access Your Crypto Portfolio
https://metaimskloginn.mystrikingly.com/,Metğ–†mask Login on Strikingly
https://metamaskextensionios.mystrikingly.com/,MetaMask Extension :The Ultimate Crypto Wallet for DeFi, Web3 Apps
https://metamasklog2.mystrikingly.com/,Metamask sign in on Strikingly
https://metamauswalluet.mystrikingly.com/,Explore the major offerings of the MetaMask Wallet on Strikingly
https://metamsaskportfolioo.mystrikingly.com/,Fix MetaMask Portfolio unable to load current balance on Strikingly
https://metamsekwallit.mystrikingly.com/,ğ— ğ—²ğ˜Ã¥ğ—ºÃ¥ğ˜€ğ—¸ ğ—Ÿğ—¼ğ—´ğ—¶ğ—» | Log In To Account (official) on Strikingly
https://metamsk--walet-extension.mystrikingly.com/,MetaMaskÂ® Wallet Extension | Getting started with MetaMask
https://metmskzlogi.mystrikingly.com/,MetaMask login - The Community Platform on Strikingly
https://moonwall0wallet.mystrikingly.com/,Wallet Connection | Moonwell Docs on Strikingly
https://my---hashpackwwallt.mystrikingly.com/,HashPackÂ® WalletÂ® ExtensionÂ® | Official Website on Strikingly
https://need-trezor-cdn.mystrikingly.com/,Trezor Suite App (Official) | Desktopââ &amp;&amp; Web Crypto Management on ...
https://need-wallet-trezor.mystrikingly.com/,Trezor Online Wallet - Secure Web3 App for Crypto Management on Strikingly
https://neetcoinnsloginca.mystrikingly.com/,Netcoins Login | Sign In &quot;Strikingly&quot; on Strikingly on Strikingly
https://networkmask.mystrikingly.com/,Mask Network|Mask Network Crypto on Strikingly
https://new--sso--coinbasepro-cdn.mystrikingly.com/,Coinbase Pro Login: Your Gateway to Seamless Crypto Trading
https://new-bridge-help.mystrikingly.com/,Trezor BridgeÂ® | Introducingâ„¢Â® The New TreZorâ„¢Â® on Strikingly
https://new-bridge.mystrikingly.com/,Trezor BridgeÂ® | Introducing the New Trezor App on Strikingly
https://new-hardware-cdn.mystrikingly.com/,Trezor** Hardwareâ‹‡ Walletâ¨· | TreZorÂ® (Docs) - US on Strikingly
https://nhashpackwallet.mystrikingly.com/,HashPackÂ® WalletÂ® ExtensionÂ® | Official Website on Strikingly
https://now--sso--coinbasepro-cdn.mystrikingly.com/,Effortless Access to Cryptocurrency: Coinbase Pro Login Guide
https://now--sso--coinbasepro-cdn.mystrikingly.com/,Official SiteÂ® | Coinbase Pro | Digital Asset Exchange on Strikingly
https://official-suite--trezor-cdn.mystrikingly.com/,Trezor Suite App (Official) | Desktop &amp;&amp; Web Crypto on Strikingly
https://official-trezor-hardware.mystrikingly.com/,Trezorâ„— Hardwareâ‹‡ - Wallet** | Getting Started | TreZorÂ® (official) on ...
https://overview-doc-trzor.mystrikingly.com/,Trezor Hardware Wallet: The Ultimate Crypto Security Tool on Strikingly
https://overview-trezorwallet.mystrikingly.com/,Trezor Hardware Wallet (Official) | Bitcoin &amp; Cryptocurrency
https://overview-trzorwllet.mystrikingly.com/,Ledgerâ„¢ Live** WalletÂ® | Ledger***** on Strikingly
https://pages-ledgr-en--us.mystrikingly.com/,LedgerÂ® Live: Login | Getting startedâ„¢ with LedgerÂ® | Browser
https://parabluinc.mystrikingly.com/,BluVault | BluSyncâ„¢ on Strikingly
https://phantom----walletext----ension.mystrikingly.com/,Phantom â€” Crypto &amp; NFT Wallet â€” Solana | Extension | Login on Strikingly
https://phantom-crypto-wallet.mystrikingly.com/,Phantom Wallet: Secure, Fast, and User-Friendly Crypto Storage
https://phantom-t-wallet.mystrikingly.com/,Phantom Wallet | A friendly crypto wallet on Strikingly
https://phantomappwallets.mystrikingly.com/,Stake SOL with the Phantom Wallet after you sign up
https://phantomwalet.mystrikingly.com/,PhÃ¢ntom WÃ¢llet | Best Crypto WÃ¢llet on Strikingly
https://phantumwallot.mystrikingly.com/,Phantom Wallet - A friendly Solana wallet built for DeFi &amp; NFT on ...
https://polygon-wallets.mystrikingly.com/,Polygon Walletâ„¢ | Home Official Website on Strikingly
https://portal-treezor.mystrikingly.com/,TrÃ©zor.io/startÂ® | Starting Up Your Device | TrezorÂ® on Strikingly
https://portal-trezoriostart.mystrikingly.com/,Trezor.io/StartÂ® | Starting Up Your Device | TrezorÂ® on Strikingly
https://pphantomalletextension.mystrikingly.com/,Phantom wallet extension (Official Site)Â® on Strikingly
https://pphantomwwallet.mystrikingly.com/,PhantomÂ® Wallet - % App - Official Site - Webflow on Strikingly
https://pro-ledger-cdn.mystrikingly.com/,Official SiteÂ® | Ledger.com/StartÂ® | Getting started on Strikingly
https://pro-ledger-cdn.mystrikingly.com/,Get Started with Ledger Wallet | Secure Your Crypto Today
https://pro-live-ledger.mystrikingly.com/,LedgerÂ® Live: Download | Getting startedâ„¢ LedgerÂ® Live on Strikingly
https://protonmaillogin.mystrikingly.com/,ProtonMail login call + 1-724-517-4020 on Strikingly
https://public--bridge.mystrikingly.com/,TrÃ©zor BridgeÂ® | Introducing the New TrÃ©zor App on Strikingly
https://rabbie-wallet-extension.mystrikingly.com/,@Rabby Wallet Extension | Alternative Ethereum-Compatible Wallet (en ...
https://rabbie-wallet-extension.mystrikingly.com/,@Rabby Wallet Extension | Alternative Ethereum-Compatible Wallet (en)
https://retreadsmotorcycleclub-nz.mystrikingly.com/,Retreads Motorcycle Club NZ on Strikingly
https://ru-ledgerliveapp.mystrikingly.com/,Ledger live | Ledger live app | Ledger live download on Strikingly
https://ru-ledgerlivedesktop.mystrikingly.com/,Ledger live: Ledger live Desktop &amp; Web on Strikingly
https://ru-ledgerlivedownload.mystrikingly.com/,Ledger live | Ledger live app | Ledger live download on Strikingly
https://ru-trezorbridge.mystrikingly.com/,Trezor Bridge Download | Desktop &amp; Web on Strikingly
https://ru-trezorstart.mystrikingly.com/,Trezor.io/StartÂ® | Starting Up Your Device on Strikingly
https://ru-trezorsuiteapp.mystrikingly.com/,Trezor Suite | Trezor Suite App (Official) | Desktop &amp; web on Strikingly
https://seamlessly-bridge.mystrikingly.com/,TrÃ©zor BridgeÂ® | Introducing the New TrÃ©zor App on Strikingly
https://secure--blockfie-apps-cdn-sso.mystrikingly.com/,Sign In| BlockFi on Strikingly
https://secure-en-us-ledgrr.mystrikingly.com/,LedgerÂ® Live: Desktop | Getting started with Ledger | secure-en â€¦ on ...
https://secure-help-trezor.mystrikingly.com/,TrÃ©zor.io/startÂ® | Starting Up Your Device | TrezorÂ® on Strikingly
https://secure-start-io-trezor.mystrikingly.com/,Trezor.io/StartÂ® | Starting Up Your Device | TrezorÂ® on Strikingly
https://shibaswapwallet.mystrikingly.com/,ShibaSwap - Web3 DEX | Desktop And Mobil on Strikingly
https://site-hardware-trezorweb.mystrikingly.com/,TrezorÂ®â• HardwareÂ®* - Wallet || gitbook | official on Strikingly
https://site-ledger-start.mystrikingly.com/,Official SiteÂ® | Ledger.com/StartÂ® | Getting started on Strikingly
https://site-trezorweb.mystrikingly.com/,TrÃ©zorÂ® HardwareÂ® - Wallet | Starting Up Your Device | TrezorÂ®
https://smart-trezorsuite.mystrikingly.com/,Trezor Suite App (Official) | Desktop &amp; Web on Strikingly
https://spot-walleteextension.mystrikingly.com/,Spot wallet Extension : Bitcoin, NFT, Ethereum, Solana, Tezos
https://sso----hashpack-wallet.mystrikingly.com/,HashPackÂ® WalletÂ® ExtensionÂ® | Download HashPack on Strikingly
https://sso--hashpack-chrome--ext--auth.mystrikingly.com/,HashPackÂ® WalletÂ® ExtensionÂ® | Official Website on Strikingly
https://sso--hashpack-chrome-ext---auth-us.mystrikingly.com/,HashPack Wallet ExtensionÂ® | Download HashPack for desktop on Strikingly
https://sso--netcoins-com-cdn----en-us-uatth.mystrikingly.com/,Log In | NetCoinsÂ® | Sign In | Netcoins - Buy Bitcoin Canada
https://sso-hashpack--chrome--extension.mystrikingly.com/,HashPack Wallet ExtensionÂ® | Download HashPack for desktop on Strikingly
https://sso-hashpack-chrome--ext.mystrikingly.com/,HashPack Wallet ExtensionÂ® | Download HashPack for desktop on Strikingly
https://sso-hashpack-chrome--extension-auth.mystrikingly.com/,HashPack Wallet ExtensionÂ® | Download HashPack for desktop on Strikingly
https://sso-hashpack-chrome-extension.mystrikingly.com/,HashPackÂ® WalletÂ® ExtensionÂ® | Official Website on Strikingly
https://sso-hashpack-wallet--ext.mystrikingly.com/,HashPack Wallet ExtensionÂ® | Powering your web3 adventure on Strikingly
https://sso-hashpack-wallet-extension--authh.mystrikingly.com/,HashPack Wallet ExtensionÂ® | Powering your web3 adventure on Strikingly
https://sso-hashpacks-chrome-extension-auth.mystrikingly.com/,HashPackÂ® WalletÂ® ExtensionÂ® | Official Website on Strikingly
https://start--trezorio--cdn.mystrikingly.com/,Trezor.io/startÂ® | Getting Started | TreZorÂ® (official) on Strikingly
https://start-begin-trezor.mystrikingly.com/,Trezor Hardware Wallet: The Ultimate Crypto Security Tool
https://start-begin-trezors.mystrikingly.com/,TrÃ©zorÂ® HardwareÂ® - Wallet | Starting Up Your Device | TrezorÂ®
https://start-begin-trezr-cdn.mystrikingly.com/,Trezor.io/StartÂ® | Starting Up Your Device | TrezorÂ® on Strikingly
https://start-begin-trezr-cdn.mystrikingly.com/,Trezor.io/StartÂ® | Starting Up Your Device | TrezorÂ®
https://start-begin-us-trezor.mystrikingly.com/,Trezorâ„—- Hardware Walletâ•Â© | Getting Started | TreZorÂ® (official) on ...
https://start-begin-ustrezor.mystrikingly.com/,Trezor.io/StartÂ® | Starting Up Your Device on Strikingly on Strikingly
https://start-cdn-trezor.mystrikingly.com/,Trezor Hardware Wallet: The Ultimate Crypto Security Tool
https://start-ledger-s---auth.mystrikingly.com/,Official SiteÂ® | Ledger.com/StartÂ® | Getting started on Strikingly
https://start-ledgercm-cdn.mystrikingly.com/,LedgerÂ® Live: Download | Getting startedâ„¢ LedgerÂ® Live on Strikingly
https://start-ledgercom.mystrikingly.com/,Ledger Live: A Comprehensive Guide to Managing Your Crypto Portfolio
https://start-ledgerlive.mystrikingly.com/,Ledger Live: A Comprehensive Guide to Managing Your Crypto Portfolio
https://start-trezorbridge.mystrikingly.com/,TrÃ©zor BridgeÂ® | Introducing the New TrÃ©zor App on Strikingly
https://start-trezoriostart.mystrikingly.com/,Trezor.io/Start: A Beginner&#x27;s Guide to Cryptocurrency Security
https://start-trezorsuiteapp.mystrikingly.com/,Trezor Suite App (Official) | Desktop &amp; Web Crypto Exchange
https://start-us-trezor-cdn.mystrikingly.com/,Trezor Suite App (Official) | Desktopââ &amp;&amp; Web Crypto Management
https://startledgercomm.mystrikingly.com/,Ledger.com/StartÂ®. The official wallet on Strikingly on Strikingly
https://streamflowfinance.mystrikingly.com/,Streamflow Finance | Token Distribution on Strikingly
https://suite-trezor-apps.mystrikingly.com/,Trezor Suite App (Official) on Strikingly
https://suite-trezorapp.mystrikingly.com/,Trezor Suite | Trezor Suite App (Official) | Docs on Strikingly
https://suite-trezr.mystrikingly.com/,Trezor Suite | Trezor Suite App (Official) on Strikingly
https://suite-trrezor-cdn.mystrikingly.com/,Trezor Suite (Official) App | Desktop &amp; Web Crypto Management on Strikingly
https://suite-trzapp-cdn.mystrikingly.com/,Trezor Suite | DesktopâÂ® &amp; Webâ€£â€£ Crypto Managementâ„¢
https://suitetrez.mystrikingly.com/,Trezor Suite | Trezor Suite App (Official) on Strikingly
https://support-ledgerlive-cdn.mystrikingly.com/,LedgerÂ® Live: Download | Getting Started with LedgerÂ® | help on Strikingly
https://swap--phantomwalleth.mystrikingly.com/,PhantomÂ® Wallet - The friendly multichain wallet on Strikingly
https://synthetixwallat.mystrikingly.com/,Synthetix - The Most Secure Platform To on Strikingly
https://tech-liveledger-live.mystrikingly.com/,LedgerÂ® LiveÂ® AppÂ® | Ledger Live Official Wallet | Ledger on Strikingly
https://tech-suite--trezor-cdn.mystrikingly.com/,Trezor Suite App (Official) | Desktopââ &amp;&amp; Web Crypto Management
https://theatrearcenciel.mystrikingly.com/,THEATRE ARC EN CIEL Site on Strikingly
https://thetaextentionwallet.mystrikingly.com/,Theta Wallet extension on Strikingly
https://ticketmaster-authentication-error.mystrikingly.com/,Fix Ticketmaster Authentication Error on Strikingly
https://tool-suite-app-trezor.mystrikingly.com/,Trezor Suite App (Official) | Desktop &amp;&amp; Web Crypto* Management on ...
https://tool-trezor-cdn.mystrikingly.com/,Trezor Suite App (Official) | Desktop &amp;&amp; Web Crypto on Strikingly
https://trazor-iostart.mystrikingly.com/,Trezor.io/start - How Get My New Trezor on Strikingly
https://trezir-bridge.mystrikingly.com/,TrÃ©zor BridgeÂ® | (en-US) | Introducing the New TrÃ©zor App on Strikingly
https://trezoor-suite.mystrikingly.com/,Trezor Suite | Trezor Suite App (Official) on Strikingly
https://trezooriostart.mystrikingly.com/,Secure Your Crypto Journey: Trezor.io/Start on Strikingly
https://trezor-en--hardwarewallit.mystrikingly.com/,TrezorÂ® HardwareÂ® - Wallet | Getting Started | TreZorÂ® on Strikingly
https://trezor-hardware--docs.mystrikingly.com/,Trezor Hardware WalletÂ© : The Ultimate Guide to Secure Crypto Storage
https://trezor-io-cdn-docs.mystrikingly.com/,Trezor.io/start | Start Managing Your Crypto on Strikingly
https://trezor-io-org.mystrikingly.com/,Trezor.io/StartÂ® | Starting Up Your Device | TrezorÂ® on Strikingly
https://trezor-new-bridgee.mystrikingly.com/,Trezor BridgeÂ® | Enhancingâ„¢ Connectivity and Security*
https://trezor-public-bridge.mystrikingly.com/,TrÃ©zorÂ® BridgeÂ® | Introducing the New TrÃ©zor on Strikingly
https://trezor-trezorlogin.mystrikingly.com/,Trezor | Trezor login | Trezor.io start on Strikingly
https://trezor-wallets.mystrikingly.com/,TrÃ©zorÂ® HardwareÂ® Wallet | Get Started With | TrÃ©zorÂ® on Strikingly
https://trezor-welcome-suite.mystrikingly.com/,Trezor Suite (Official) | Desktop &amp;&amp; Web Crypto* Management on Strikingly
https://trezorhardwarewallets.mystrikingly.com/,TrÃ©zorÂ® HardwareÂ® - Wallet | Starting Up Your Device | TrezorÂ® on ...
https://trezorhardwarewalletus.mystrikingly.com/,Trezor Hardware Wallet (official website) | Starting Up Your Device
https://trezorio-login.mystrikingly.com/,Trezor | Trezor.io login | Trezor.io start on Strikingly
https://trezorio-start.mystrikingly.com/,TrÃ©zor.io/StartÂ® | Starting Up Your Device | TrÃ©zorÂ® on Strikingly
https://trezorsuiite.mystrikingly.com/,Trezor Suite App (Official) - Set Up Your Trezor on Strikingly
https://trezorwallet-hardware.mystrikingly.com/,TrÃ©zorÂ® HardwareÂ® Wallet | Get Started With | TrÃ©zorÂ® on Strikingly
https://trezrhardwarewallet.mystrikingly.com/,Trezor Hardware Wallet (official website) | Starting Up Your Device
https://trusttwaiietcom.mystrikingly.com/,Trust&#x27;s Site on Strikingly
https://uk-trezoriostart.mystrikingly.com/,Trezor.io | Trezor.io/start | Get started on Strikingly
https://un-trezorbridge.mystrikingly.com/,Trezor Bridge | Trezor Web Bridge | Trezor Bridge Download on Strikingly
https://un-trezorbridge.mystrikingly.com/,Trezor Bridge | Trezor Web Bridge | Trezor Bridge Download
https://unauthorized-trezor-cdn.mystrikingly.com/,Trezorâ„— Hardwareâ‹‡ - Wallet** | Getting Started | TreZorÂ® (official) on ...
https://url-coinbaspro-logi.mystrikingly.com/,Ã‡oinbase Pro | Digital Asset Exchange on Strikingly
https://us-----hashpackwallet.mystrikingly.com/,HashPackÂ® WalletÂ® ExtensionÂ® | Official Website on Strikingly
https://us---hashpackallet.mystrikingly.com/,HashPack Wallet ExtensionÂ® | Powering your web3 adventure on Strikingly
https://us-help-ledger-cdn.mystrikingly.com/,Official SiteÂ® | Ledger.com/StartÂ® | Getting started on Strikingly
https://us-ledgerlivelogin.mystrikingly.com/,Ledger live | Ledger live login | Get started on Strikingly
https://us-ledgerlivewallet.mystrikingly.com/,Ledger live | Ledger live wallet | Get started on Strikingly
https://us-trezarwallet.mystrikingly.com/,TrÃ©zorÂ® HardwareÂ® - Wallet | Starting Up Your Device | TrezorÂ® on ...
https://us-trezorhardwarewallet.mystrikingly.com/,Trezor.io/StartÂ® | Starting Up Your Device | TrezorÂ® on Strikingly
https://us-trezorsuite.mystrikingly.com/,Trezor Suite App (Official) | Desktop &amp; Web Crypto on Strikingly
https://usa-cryptocomwalletextension.mystrikingly.com/,Crypto.com | Wallet Extension - Chrome Web Store on Strikingly
https://usa-ledgerliveapp.mystrikingly.com/,Ledger live | Ledger live app | Ledger live download on Strikingly
https://usa-ledgerlivelogin.mystrikingly.com/,Ledger live | Ledger live login | Get started on Strikingly
https://usa-trezorwallet.mystrikingly.com/,TrÃ©zorÂ® HardwareÂ® - Wallet | Starting Up Your Device on Strikingly
https://user-trezor-hardware.mystrikingly.com/,Trezor Online Wallet - Secure Web3 App for Crypto Management on Strikingly
https://ushashpackwwallet.mystrikingly.com/,HashPackÂ® WalletÂ® ExtensionÂ® | Official Website on Strikingly
https://ushhashpckwwallet.mystrikingly.com/,HashPack Wallet ExtensionÂ® | Powering your web3 adventure on Strikingly
https://veenommwallet.mystrikingly.com/,Venom Wallet | Foundation - Secure by design, scalable by nature on ...
https://venomalleteeextensionfordge.mystrikingly.com/,Venom Wallet Extension For Edge | Sign In on Strikingly
https://venomwwalletxxtension.mystrikingly.com/,Venom Wallet Extension^ | Trade your Digital Assets^% on Strikingly
https://visit-bridge.mystrikingly.com/,Trezor BridgeÂ® | Introducing the New Trezor App on Strikingly
https://visit-ledger-cdn.mystrikingly.com/,LedgerÂ® Live: Download | Getting startedâ„¢ LedgerÂ® Live on Strikingly
https://waletx-exodius-usa.mystrikingly.com/,Exodus Wallet : Best Crypto Bitcoin Wallet on Strikingly
https://wallct-exodis-io.mystrikingly.com/,Exodus Wallet : Best Crypto Bitcoin Wallet on Strikingly
https://wallet-exodis-ios.mystrikingly.com/,Exodus Wallet : Best Crypto Bitcoin Wallet on Strikingly
https://wallet-help-live-ledger.mystrikingly.com/,LedgerÂ® Live: Wallet | Getting started with Ledger on Strikingly
https://wallet-ledgerlive.mystrikingly.com/,LedgerÂ® Live: Wallet | Getting Started with Ledger on Strikingly
https://wallet-pages-ledgr.mystrikingly.com/,LedgerÂ® Live Walletâ‹‡ | Downloadâ„¢ &amp; Install Ledger* Live on Strikingly
https://wallet-trezrr.mystrikingly.com/,TrÃ©zorÂ® HardwareÂ® Wallet | Get Started With | TrÃ©zorÂ® on Strikingly
https://walletcexodsu.mystrikingly.com/,Exodus Wallet : Best Crypto Bitcoin Wallet on Strikingly
https://walletexxchange.mystrikingly.com/,Phantom Extension - How to connect it with Ledger Wallet?
https://walletledger-live.mystrikingly.com/,Ledger Wallet &amp; Crypto Wallet - Security for Crypto on Strikingly
https://wallotphantom.mystrikingly.com/,Phantom Wallet - A Friendly Solana Wallet Built for Defi &amp; NFTs on ...
https://walxtexodus.mystrikingly.com/,EXOâ……US WAÄ¹Ä¹ET - BEST WALLET TO BUY &amp; SELL BITCOIN on Strikingly
https://walxtexodus.mystrikingly.com/,Exodus Wallet : Crypto &amp; Web3 on Mobile
https://web----hashpackwallet.mystrikingly.com/,HashPackÂ® WalletÂ® ExtensionÂ® | Download HashPack on Strikingly
https://web-ledger-cdn.mystrikingly.com/,LedgerÂ® Live: Download | Getting startedâ„¢ LedgerÂ® Live on Strikingly
https://welcome-bridge-info.mystrikingly.com/,TrÃ©zor BridgeÂ® | Introducing the New TrÃ©zor App on Strikingly
https://welcome-ledgerlivewallet.mystrikingly.com/,LedgerÂ® Live Walletâ‹‡ | Downloadâ„¢ &amp; Install Ledger* Live on Strikingly
https://welcome-ledgerlivewallet.mystrikingly.com/,LedgerÂ® Live Walletâ‹‡ | Downloadâ„¢ &amp; Install Ledger* Live
https://welcome-ledgerstart.mystrikingly.com/,Ledger.com/Start - Get Started with Your Ledger Device
https://welcome-suite-trezor.mystrikingly.com/,Trezor Suite (Official) | Desktop &amp;&amp; Web Crypto on Strikingly
https://with-ledger-live.mystrikingly.com/,LedgerÂ® Live: Desktop | Getting started with Ledger on Strikingly
https://wollet-portal-treezor.mystrikingly.com/,Trezor Hardware Wallet: The Ultimate Crypto Security Tool
https://www-ledgerstart.mystrikingly.com/,Ledger.com/start | Get started with Ledger (Official) on Strikingly
https://wwwledgercom-start.mystrikingly.com/,Official SiteÂ® | Ledger.com/StartÂ® | Getting started on Strikingly
https://xverse-wallet-extension.mystrikingly.com/,Xverse Wallet Extension | Official Website on Strikingly
https://xversewalletextention.mystrikingly.com/,Xverse Wallet Extension - A Bitcoin Wallet for Web3 | Xverse Wallet on ...
https://xversewalletextention.mystrikingly.com/,Xverse Wallet Extension - A Bitcoin Wallet for Web3 | Xverse Wallet
https://xwersewalletextension.mystrikingly.com/,Xverse@ Wallet :Extension - A Bitcoin Wallet for Web3 on Strikingly
https://zeriionwallet.mystrikingly.com/,Zerion Wallet: A Comprehensive Solution for Crypto and DeFi Management ...
