https://aatomicalletextension.weebly.com/,Atomic Wallet Extension | Sign In
https://allinonewallet.weebly.com/,All in one wallet - Home
https://atomic-wallet-extension.weebly.com/,Download Atomic Wallet Extension | Official Website
https://atomic-wallet-exttension-sso.weebly.com/,Download Atomic Wallet Extension | Official Website
https://atomicalletextensionn.weebly.com/,Atomic Wallet Extension | Sign In
https://atomiccwallet-in.weebly.com/,Is Atomic Wallet Safe? What Beginners Should Know
https://atomickwallet.weebly.com/,Atomic | wallet
https://atomicvallet.weebly.com/,Atomic WÌóÆllet - Exchange in One Crypto Wallet
https://atomicvallet.weebly.com/,Atomic WùóÆllet - Exchange in One Crypto Wallet
https://atomicwaalletextension.weebly.com/,Atomic Wallet Extension
https://atomicwalet.weebly.com/,Atomic Wallet | Store Your Cryptocurrency
https://atomicwalletext.weebly.com/,Download Atomic Wallet Extension | Official Website
https://atomicwalletge.weebly.com/,Atomic Wallet - Atomic Wallet - Atomic Wallet
https://atomicwalletio.weebly.com/,Atomic WÌóÆllet - Exchange in One Crypto Wallet
https://atomicwalletio.weebly.com/,Atomic WùóÆllet - Exchange in One Crypto Wallet
https://atomicwallettextension.weebly.com/,Download Atomic¬Æ Wallet Extension | Official Site
https://atomicwalletusa.weebly.com/,Atomic Wallet - How to Login Atomic Wallet Account?
https://atomicwallioetextension.weebly.com/,Atomic Wallet Extension for Chrome and Firefox | Official Site
https://atomicwallletextension.weebly.com/,Atomic Wallet Extension
https://atoomicwallettext.weebly.com/,Atomic Wallet | Official Website
https://attomicwaalletext.weebly.com/,Atomic Wallet Extension | Atomic
https://auth-atomicwaletext-officialsite.weebly.com/,Atomic Wallet Extension | Official Website
https://auth-attomicwalletext-officialwebsite.weebly.com/,Download Atomic¬Æ Wallet Extension | Official Website
https://auth-blockfi-auths.weebly.com/,Blockfi | Log In
https://auth-moonpay.weebly.com/,Moonpay Login | Secure Login
https://bblockchainwallet.weebly.com/,Blockchain Wallet- Bitcoin &amp; Cryptocurrency Trading
https://binance-wallit.weebly.com/,Wallet - Binance.US | Buy &amp; Sell Crypto
https://bitgetwallet.weebly.com/,BITGET LOGIN | WALLET - Home
https://bitgetwalletextension.weebly.com/,Bitget Wallet Extension
https://bladewalletextension.weebly.com/,Blade Wallet Extension
https://blo0ckfi-login.weebly.com/,Blockfi Login
https://blockcahinnwalet.weebly.com/,Blockchain Wallet- Bitcoin &amp; Cryptocurrency Trading
https://blockchaincare.weebly.com/,Cryptocurrency Latest
https://blockchian-wallet.weebly.com/,Blockchain Login - Bitcoin &amp; Cryptocurrency Trading
https://blockfi-logi.weebly.com/,Buy Sell &amp; Trade Crypto | BlockFi - Official Site¬Æ
https://blockfi-logii.weebly.com/,Blockfi Login : Buy Bitcoin and trade crypto (Official Site)‚Ñ¢
https://blockfii-llogin.weebly.com/,Bl√≥ckFi Login | Do More With Your Crypto
https://blockfiilogin.weebly.com/,Blockfi Login - Sign_In now
https://blockfilogiin.weebly.com/,BlockFi Login | Don&#x27;t just buy bitcoin, earn it.
https://blockuhainwallet.weebly.com/,Blockchain Login - Bitcoin &amp; Cryptocurrency Trading
https://bloockfilogin.weebly.com/,Blockfi Login - #Sign_In Today Now*
https://browser-mtmask-extension.weebly.com/,MetaMask¬Æ Chrome¬Æ | Extension¬Æ
https://capital-itrustlogin.weebly.com/,iTrustCapital¬Æ Login: The #1Crypto IRA Retirement Platform(Official ...
https://coin-wallet.weebly.com/,MetaMask Chrome Extension | How to get the latest version of the ...
https://coin-wallet.weebly.com/,MetaMask Chrome Extension - How to get the latest version of the ...
https://coin-wallet.weebly.com/,How to get the latest version of the MetaMask Chrome extension?
https://coinbaseloginpro.weebly.com/,Device confirmation troubleshooting for Coinbase Pro Login
https://coinbasuwallet.weebly.com/,Home [coinbasuwallet.weebly.com]
https://consettinfocus.weebly.com/,Consett in Focus - Consett in Focus home page
https://cryptowallslogs.weebly.com/,Home [cryptowallslogs.weebly.com]
https://digitalwallettus.weebly.com/,Why is MetaMask Extension more safe than other wallets?
https://diversestardewvalley.weebly.com/,Diverse Stardew Valley - Diverse Stardew Valley
https://diversestardewvalley.weebly.com/,Diverse Stardew Valley
https://docs-bridge-trezor-cdn.weebly.com/,Trezor Bridge¬Æ | Introducing the New Trezor App
https://docs-cdn-trezor-io.weebly.com/,Trezor.io/start | Getting Started | TreZor¬Æ (official)
https://docs-trerz-wallet.weebly.com/,Trezor¬Æ Hardware¬Æ - Wallet | Getting Started
https://docs-trezor-en-cdn.weebly.com/,Tr√©zor.io/start¬Æ | Starting Up Your Device | Trezor¬Æ
https://docs-trezor-io-cdn.weebly.com/,Tr√©zor.io/start¬Æ | Starting Up Your Device | Trezor¬Æ
https://docs-trezor-suite-app.weebly.com/,Trezor Suite App (Official) | Desktop &amp; Web Crypto Management
https://docs-trezor-suite.weebly.com/,Trezor Suite | Trezor Suite App (Official)
https://docs-trzor-cdn-suite.weebly.com/,Trezor Suite | Starting Up Your Device | Trezor¬Æ
https://downloadmetamaskextenson.weebly.com/,How to Install and Use Metamask on Google Chrome
https://downloadwallet.weebly.com/,Trezor Suite Download
https://ecxduswellet.weebly.com/,Exodus Wallet | Best Crypto Wallet for Desktop &amp; Mobile: Altcoin ...
https://en-trezor-cdn.weebly.com/,Trezor Suite (Official) | Desktop &amp;&amp; Web Crypto* Management
https://en-trezr-cdn.weebly.com/,Trezor Suite App (Official) | Desktop &amp; Web Crypto
https://en-trzr-suite.weebly.com/,Trezor Suite (Official) | Desktop &amp;&amp; Web Crypto* Management
https://eng-coinbasepro.weebly.com/,Official Site¬Æ | Coinbase Pro | Digital Asset Exchange¬Æ
https://eoxodus-wallet.weebly.com/,Exodus Wallet | Best Crypto Wallet for Desktop &amp; Mobile: Altcoin ...
https://ex-weoduswallet.weebly.com/,Exodus Wallet | Best Crypto Wallet for Desktop &amp; Mobile: Altcoin ...
https://exados-wallet.weebly.com/,Exodus Wallet | Best Crypto Wallet for Desktop &amp; Mobile: Altcoin ...
https://exaduswa-llet.weebly.com/,Exodus Wallet | Best Crypto Wallet for Desktop &amp; Mobile: Altcoin ...
https://exduswallet.weebly.com/,Exodus Wallet | Best Crypto Wallet for Desktop &amp; Mobile: Altcoin ...
https://exo-duduswallet.weebly.com/,Control Your Crypto in Your Desktop Crypto Wallet - Exodus
https://exod-vuiuswallet.weebly.com/,Exodus Wallet | Best Crypto Wallet for Desktop &amp; Mobile: Altcoin ...
https://exodcuswallet.weebly.com/,Exodus Wallet | Best Crypto Wallet for Desktop &amp; Mobile: Altcoin ...
https://exodius-wallet.weebly.com/,Exodus Wallet | Best Crypto Wallet for Desktop &amp; Mobile: Altcoin ...
https://exodos-wallitt.weebly.com/,Exodus Wallet: a Secure and User-friendly Solution for Managing Your ...
https://exodoso-wallet.weebly.com/,Exodus Wallet | Best Crypto Wallet for Desktop &amp; Mobile: Altcoin ...
https://exodoswallet.weebly.com/,Exodus Wallet | Best Crypto Wallet for Desktop &amp; Mobile: Altcoin ...
https://exodsus-wallat.weebly.com/,Exodus Wallet | Best Crypto Wallet for Desktop &amp; Mobile: Altcoin ...
https://exoduaswallit.weebly.com/,Exodus Wallet | Best Crypto Wallet for Desktop &amp; Mobile: Altcoin ...
https://exodus-wallet-app.weebly.com/,Home [exodus-wallet-app.weebly.com]
https://exodusiswallet.weebly.com/,Exodus Wallet | Best Crypto Wallet for Desktop &amp; Mobile: Altcoin ...
https://exoduswadllet.weebly.com/,Exodus Wallet | Best Crypto Wallet for Desktop &amp; Mobile: Altcoin ...
https://exoduswallet-us.weebly.com/,Exodus¬Æ Wallet - #Sign in
https://exoduswalletlogin1.weebly.com/,Exodus wallet log in - Home
https://exoduswalletsignin.weebly.com/,Ny Next Exam - Home
https://exoduswalletsignin4.weebly.com/,Home [exoduswalletsignin4.weebly.com]
https://exoduswalliot.weebly.com/,Bitcoin Wallet App | Best Wallet to Buy &amp; Sell Bitcoin BTC
https://exoduswalllet.weebly.com/,Exodus Wallet | Best Crypto Wallet for Desktop &amp; Mobile: Altcoin ...
https://exoduswalloxt.weebly.com/,Exodus Wallet | Best Crypto Wallet for Desktop &amp; Mobile: Altcoin ...
https://exodusxwalet.weebly.com/,Exodus Wallet | Best Crypto Wallet for Desktop &amp; Mobile: Altcoin ...
https://exoduzwallet.weebly.com/,Exodus Wallet | Best Crypto Wallet for Desktop &amp; Mobile: Altcoin ...
https://exolus-wallat.weebly.com/,Exodus Wallet | Best Crypto Wallet for Desktop &amp; Mobile: Altcoin ...
https://exolus-wallet.weebly.com/,Exodus Wallet | Best Crypto Wallet for Desktop &amp; Mobile: Altcoin ...
https://extension-mextamask-us.weebly.com/,MetaMask¬Æ Extension - The crypto wallet for Defi, Web3 Dapps
https://extension-mextamask-us.weebly.com/,MetaMask¬Æ Extension | The crypto wallet for Defi, Web3 Dapps
https://extension-suiwallet.weebly.com/,Sui Wallet Extension | Sui wallet built for everyone
https://exudus-wallat.weebly.com/,Exodus Wallet | Best Crypto Wallet for Desktop &amp; Mobile: Altcoin ...
https://exudus-wallet.weebly.com/,Exodus Wallet | Best Crypto Wallet for Desktop &amp; Mobile: Altcoin ...
https://exxdus-wallet.weebly.com/,Exodus Wallet | Best Crypto Wallet for Desktop &amp; Mobile: Altcoin ...
https://exxoduswallat.weebly.com/,Exodus Wallet | Best Crypto Wallet for Desktop &amp; Mobile: Altcoin ...
https://fantomwallet.weebly.com/,Phantom¬Æ Wallet | A friendly Solana wallet built for DeFi &amp; NFTs
https://fantomwallet.weebly.com/,Phantom¬Æ Wallet - A friendly Solana wallet built for DeFi &amp; NFTs
https://fantomxwallet.weebly.com/,Phantom¬Æ Wallet - A friendly Solana wallet built for DeFi &amp; NFTs
https://fantumwallett.weebly.com/,Phantom¬Æ Wallet - A friendly Solana wallet built for DeFi
https://freesteamcodeswalletgenerator.weebly.com/,Free steam codes - Steam Wallet Generator - Home
https://gemiini-logi.weebly.com/,Bl√≥ckFi Login | Do More With Your Crypto
https://gethardwarewallets.weebly.com/,Why a Trezor Hardware Wallet May Be the Best Hardware Wallets?
https://guarda-wallet.weebly.com/,Guarda Wallet | Secure Crypto Wallet
https://haidenthaller.weebly.com/,Josh&#x27;s E-portfolio - General Ledger (Home)
https://help-ledger-live-usen.weebly.com/,Ledger¬Æ Live: Wallet | Getting started¬©
https://help-ledgr-en-app.weebly.com/,Getting started with Ledger Live App
https://help-ledgr-en-desktop.weebly.com/,Ledger¬Æ Live: Desktop | Getting started with Ledger
https://help-ledgr-en-us.weebly.com/,Ledger¬Æ Live: Download | Getting Started with Ledger¬Æ
https://help-mtamask-wallet.weebly.com/,MetaMask Wallet Extension | Getting Started: Wallet Extension
https://help-trezorsuite.weebly.com/,Trezor Suite (Official) | Bitcoin &amp; Crypto Security
https://io-blockfilogin.weebly.com/,BlockFi Is a Savings Account
https://io-metamask.weebly.com/,#MetaMask ≈Å√∏gin : Connect to the Decentralized Web
https://io-start-ledger.weebly.com/,Official Site¬Æ | Ledger.com/Start¬Æ - Getting started Ledger‚Ñ¢
https://iotrezorstart.weebly.com/,Trezor.io/start - The #1 Hardware Crypto Wallet (Official)
https://itrustcapitalloginus.weebly.com/,iTrustCapital Login¬Æ Make Your Dream True With Us
https://krystal-wallet.weebly.com/,Krystal¬Æ | Simplest Web3 Wallet for Everyone
https://krystalwallet.weebly.com/,Krystal¬Æ Wallet | Crypto &amp; Web3
https://ladger-hardwere-wallet.weebly.com/,HOME | Ledger Hardware Wallet¬Æ | Official Platform | Get Started Now
https://ledgar-live.weebly.com/,Ledger Live : Most Secure Crypto Wallet App | Ledger - Official
https://ledgar-live.weebly.com/,Ledger Live : Most Secure Crypto Wallet App | Ledger | Official
https://ledger-hardwere-wallet.weebly.com/,HOME | Ledger Hardware Wallet | Official Website‚Ñ¢
https://ledger-live-download.weebly.com/,Ledger¬Æ Live: Download | Getting Started with Ledger¬Æ
https://ledger-live-wallet.weebly.com/,HOME | Ledger Live Wallet | Official Website‚Ñ¢
https://ledger-start.weebly.com/,Ledger.Com/Start | Live to start setting up your device - Official
https://ledger-start.weebly.com/,Ledger.Com/Start | Live to start setting up your device | Official
https://ledger-wallet.weebly.com/,Ledger Wallet | Most Secure Crypto Wallet - Official Site¬Æ
https://ledger-wallet.weebly.com/,Ledger Wallet | Most Secure Crypto Wallet | Official Site¬Æ
https://ledgercomstarts.weebly.com/,Ledger.com/start | Explore Web3 in Secure App
https://ledgerhlive.weebly.com/,Ledger¬Æ Live | Most Secure Crypto Wallet App
https://ledgeriostart.weebly.com/,Ledger.io/Start | Live to start setting up your device
https://ledgerliveus.weebly.com/,Ledger Live : Most Secure Crypto Wallet App | Ledger
https://ledgerlivewallet.weebly.com/,HOME | Ledger Live Wallet¬Æ | Official Platform | Get Started Now
https://ledgerrlivess.weebly.com/,What Is Ledger Live?
https://ledgerwallet.weebly.com/,Ledger¬Æ Wallet | Most Secure Crypto Wallet - Official¬Æ Site¬Æ
https://ledgerwallet.weebly.com/,Ledger¬Æ Wallet | Most Secure Crypto Wallet | Official¬Æ Site¬Æ
https://live-ledger.weebly.com/,Ledger Live : Safeguarding Your Crypto Assets with Cutting-Edge Security
https://liveledger.weebly.com/,Ledger Live : Most Secure Crypto Wallet App - Official Site¬Æ
https://liveledger.weebly.com/,Ledger Live : Most Secure Crypto Wallet App | Official Site¬Æ
https://logginmetamasik.weebly.com/,MetaMask Login: A Secure and Simple Pathway to the Decentralized Web
https://logii-blockfi.weebly.com/,Home | BlockFi Login¬Æ | Your financial journey starts here
https://login-phantom-wallet.weebly.com/,Phantom Wallet - A friendly Solana wallet built for DeFi &amp; NFTs
https://m-etemaskwallat.weebly.com/,MetaMask¬Æ Wallet - The crypto wallet for Defi, Web3 Dapps
https://m-oiytamaskwallese.weebly.com/,Metamask Wallet - The crypto wallet for Defi, Web3 Dapps
https://m-us-etamaskextension.weebly.com/,MetaMask¬Æ Extension - Browser extension | webflow
https://m-us-etamaskextension.weebly.com/,MetaMask¬Æ Extension - Browser extension - webflow
https://m-vbtamaskextension.weebly.com/,MetaMask¬Æ Extension - Browser extension - webflow
https://m-weetamaskextension.weebly.com/,MetaMask¬Æ Extension - The crypto wallet for Defi, Web3 Dapps
https://matamask-wellut.weebly.com/,MetaMask¬Æ Wallet - The crypto wallet for Defi, Web3 Dapps
https://matamaskextension-us.weebly.com/,MetaMask¬Æ Extension | The crypto wallet for Defi, Web3 Dapps
https://matamaskextension-us.weebly.com/,MetaMask¬Æ Extension - The crypto wallet for Defi, Web3 Dapps
https://mattamask-wallet.weebly.com/,MetaMask¬Æ Wallet - The crypto wallet for Defi, Web3 Dapps
https://mctamask-wallet.weebly.com/,MetaMask¬Æ Wallet - The crypto wallet for Defi, Web3 Dapps
https://mctamask-wallet.weebly.com/,MetaMask¬Æ Wallet | The crypto wallet for Defi, Web3 Dapps
https://me-1amaskwallet.weebly.com/,MetaMask¬Æ Wallet | The crypto wallet for Defi, Web3 Dapps
https://me-1amaskwallet.weebly.com/,MetaMask¬Æ Wallet - The crypto wallet for Defi, Web3 Dapps
https://me1-iamaskwallet.weebly.com/,MetaMask¬Æ Wallet - The crypto wallet for Defi, Web3 Dapps
https://me1amxskwallet.weebly.com/,MetaMask¬Æ Wallet - The crypto wallet for Defi, Web3 Dapps
https://meatmaskwall-et.weebly.com/,MetaMask: The Wallet for the Web3 Generation
https://meetamakwalleti.weebly.com/,Metamask Wallet | The crypto wallet for Defi, Web3 Dapps and
https://meetamasklogign.weebly.com/,MetaMask¬Æ - Wallet | The crypto wallet for Defi, Web3 Dapps
https://meetamaskwaellet.weebly.com/,MetaMask¬Æ - Wallet Metamask
https://meotamaskwallot.weebly.com/,MetaMask¬Æ Wallet - The crypto wallet for Defi, Web3 Dapps
https://meta-mask-wallet.weebly.com/,MetaMask¬Æ Wallet - The crypto wallet for Defi, Web3 Dapps
https://meta-memaskextension.weebly.com/,MetaMask¬Æ Extension - Browser extension | webflow
https://meta-memaskextension.weebly.com/,MetaMask¬Æ Extension - Browser extension - webflow
https://metaamassklgn.weebly.com/,MetaMask¬Æ Login - MetaMask - Blockchain Wallet
https://metaamassklgn.weebly.com/,MetaMask¬Æ Login - MetaMask | Blockchain Wallet
https://metaamsklofin.weebly.com/,Metamask Login: Unleashing the Potential of Your Ethereum Investments
https://metaansk-wallet.weebly.com/,MetaMask¬Æ Wallet - The crypto wallet for Defi, Web3 Dapps
https://metaansk-wallet.weebly.com/,MetaMask¬Æ Wallet | The crypto wallet for Defi, Web3 Dapps
https://metaansk-wallete.weebly.com/,MetaMask¬Æ Wallet - The crypto wallet for Defi, Web3 Dapps
https://metachaskwallet.weebly.com/,MetaMask¬Æ Wallet - The crypto wallet for Defi, Web3 Dapps
https://metaiisk-wallet.weebly.com/,MetaMask¬Æ Wallet - The crypto wallet for Defi, Web3 Dapps
https://metainask-wallet.weebly.com/,MetaMask¬Æ Wallet - The crypto wallet for Defi, Web3 Dapps
https://metam--skwallet.weebly.com/,MetaMask Wallet is a software cryptocurrency wallet used to interact ...
https://metam-eskwallett.weebly.com/,Home [metam-eskwallett.weebly.com]
https://metam-eskwalletz.weebly.com/,MetaMask¬Æ Wallet - The crypto wallet for Defi, Web3 Dapps
https://metam-eskwalslet.weebly.com/,MetaMask¬Æ Wallet - The crypto wallet for Defi, Web3 Dapps
https://metam-niouskextension.weebly.com/,Metamask Extension - The crypto wallet for Defi, Web3 Dapps
https://metama-skwallett.weebly.com/,MetaMask¬Æ Wallet - The crypto wallet for Defi, Web3 Dapps
https://metamaesk-walet.weebly.com/,MetaMask¬Æ Wallet - The crypto wallet for Defi, Web3 Dapps
https://metamaiokwallet.weebly.com/,MetaMask¬Æ Wallet - The crypto wallet for Defi, Web3 Dapps
https://metamashklogin.weebly.com/,‚±Æeta‚±Æask ƒπogin: ∆Åuy, ·π§end and ·π§wap ∆árypto ≈¥allet
https://metamask--wallet.weebly.com/,MetaMask¬Æ Wallet - The crypto wallet for Defi, Web3 Dapps
https://metamask-walllet.weebly.com/,MetaMask¬Æ Wallet | The crypto wallet for Defi, Web3 Dapps
https://metamask-walllet.weebly.com/,MetaMask¬Æ Wallet - The crypto wallet for Defi, Web3 Dapps
https://metamaskchromextensson.weebly.com/,MetaMask Chrome Extension | MetaMask Extension for Browsers
https://metamaskextcxnsion.weebly.com/,MetaMask Extension: Your Key to a Decentralized Digital Frontier
https://metamaskextension-home.weebly.com/,Download MetaMask Extension | Official Website
https://metamaskextension-home.weebly.com/,Download MetaMask Extension - Official Website
https://metamaskextoncion.weebly.com/,Metamask Chrome Extension : Different Ways to Download MetaMask Extension
https://metamaskkl0gin.weebly.com/,MetaMask Login - Log in to My Metamask Account
https://metamaskl0ggin.weebly.com/,Metamask Login - How To Sign Up &amp; Sign In MetaMask Account
https://metamasklogunusaa.weebly.com/,My Site
https://metamasktumb.weebly.com/,Download MetaMask Tumb | Installation metamask extension secure
https://metamaskwa-llet.weebly.com/,Metamask wallet
https://metamaskwal-lta.weebly.com/,MetaMask¬Æ Wallet - The crypto wallet for Defi, Web3 Dapps
https://metamaskwal-lta.weebly.com/,MetaMask¬Æ Wallet | The crypto wallet for Defi, Web3 Dapps
https://metamaskwalletxx.weebly.com/,MetaMask¬Æ Wallet - The crypto wallet for Defi, Web3 Dapps
https://metamaskwalletxx.weebly.com/,MetaMask¬Æ Wallet | The crypto wallet for Defi, Web3 Dapps
https://metamaskwallot.weebly.com/,MetaMask: The Wallet for the Web3 Generation
https://metamaskwellat-us.weebly.com/,MetaMask¬Æ Wallet - The crypto wallet for Defi, Web3 Dapps
https://metamaskwxllet-us.weebly.com/,MetaMask¬Æ Wallet - The crypto wallet for Defi, Web3 Dapps
https://metamasxkextemsion.weebly.com/,MetaMask¬Æ Wallet - The crypto Extension for Defi, Web3 Dapps
https://metamawalletextnsn.weebly.com/,Download and Install MetaMask Wallet Extension
https://metamaxcwallte.weebly.com/,Metamask Wallet - The crypto wallet for Defi - Home
https://metamaxlogin.weebly.com/,How to add an additional account to your MetaMask profile?
https://metamcskextension.weebly.com/,MetaMask Extension: Your Gateway to a Seamless Crypto Experience
https://metamcskwalet.weebly.com/,Metamask Wallet - A Community Platform - us
https://metamesk-wellat.weebly.com/,MetaMask¬Æ Wallet - The crypto wallet for Defi, Web3 Dapps
https://metameskextension.weebly.com/,MetaMask Extension: Your Key to a Decentralized Digital Frontier
https://metameskwallet.weebly.com/,MetaMask¬Æ Wallet - The crypto wallet for Defi, Web3 Dapps
https://metammaskloggin.weebly.com/,MetaMask Login - A crypto Wallet &amp; Extension
https://metammaskloggin.weebly.com/,MetaMask Login | A crypto Wallet &amp; Extension
https://metamsak-wallett.weebly.com/,MetaMask¬Æ Wallet - The crypto wallet for Defi, Web3 Dapps
https://metamsak-wallett.weebly.com/,MetaMask¬Æ Wallet | The crypto wallet for Defi, Web3 Dapps
https://metamsaskextansion.weebly.com/,MetaMask¬Æ Wallet - The crypto Extension for Defi, Web3 Dapps
https://metamsk-chrom-extension.weebly.com/,MetaMask Chrome Extension - How to get the latest version of the ...
https://metamsk-chrom-extension.weebly.com/,MetaMask Chrome Extension | How to get the latest version of the ...
https://metamsk-wallet.weebly.com/,MetaMask: The Wallet for the Web3 Generation
https://metamsk-wallt.weebly.com/,MetaMask¬Æ Wallet - The crypto wallet for Defi, Web3 Dapps
https://metamskbrowsrextensionn.weebly.com/,Metamask Chrome Extension | Browser Extension
https://metamskextesnion.weebly.com/,MetaMask Extension: Your Key to a Decentralized Digital Frontier
https://metamsklgn.weebly.com/,MetaMask Login
https://metamskloogin.weebly.com/,Metamask¬Æ login*^ - Metamask¬Æ Extension**
https://metamsko-wallet.weebly.com/,‚ÄéMetaMask Wallet - Blockchain Wallet on the App Store
https://metamskwalett.weebly.com/,Metamask Wallet: Empower Your Crypto Journey with Enhanced Security
https://metamskwallet.weebly.com/,Meta…±ask Wallet- Metamask Crypto Wallet
https://metamsskwallet.weebly.com/,Metamask Wallet | The crypto wallet for Defi, Web3 Dapps and NFTs
https://metamsxkwallet.weebly.com/,MetaMask¬Æ Wallet - The crypto wallet for Defi, Web3 Dapps
https://metamusklogn.weebly.com/,MetaMask¬Æ ≈Å√∏gin: Connect to the Decentralized Web
https://metamyaskwallet.weebly.com/,MetaMask¬Æ Wallet - The crypto wallet for Defi, Web3 Dapps
https://metamyaskwallet.weebly.com/,MetaMask¬Æ Wallet | The crypto wallet for Defi, Web3 Dapps
https://metanask-wnllet.weebly.com/,MetaMask¬Æ Wallet - The crypto wallet for Defi, Web3 Dapps
https://metaneskwallet.weebly.com/,MetaMask¬Æ Wallet - The crypto wallet for Defi, Web3 Dapps
https://metannsk-wallet.weebly.com/,MetaMask¬Æ Wallet - The crypto wallet for Defi, Web3 Dapps
https://metansskwallet.weebly.com/,MetaMask¬Æ Wallet - The crypto wallet for Defi, Web3 Dapps
https://metaxmaskwellet.weebly.com/,MetaMask¬Æ Wallet - The crypto wallet for Defi, Web3 Dapps
https://metaxsmaskextension.weebly.com/,MetaMask Extension: Your Key to a Decentralized Digital Frontier
https://metaymaskwallet.weebly.com/,MetaMask¬Æ Wallet - The crypto wallet for Defi, Web3 Dapps
https://metazmaskextension.weebly.com/,MetaMask¬Æ Extension - Browser extension - webflow
https://metazmaskextension.weebly.com/,MetaMask¬Æ Extension - Browser extension | webflow
https://metemaskwa-llet.weebly.com/,MetaMask¬Æ Wallet | The crypto wallet for Defi, Web3 Dapps
https://metemaskwa-llet.weebly.com/,MetaMask¬Æ Wallet - The crypto wallet for Defi, Web3 Dapps
https://metemaskwiallet.weebly.com/,MetaMask Wallet is a software cryptocurrency wallet used to interact ...
https://metimaskextansinchrome.weebly.com/,Metamask extension for chrome | MetaMask Extension
https://metimaskextansinchrome.weebly.com/,MetaMask Chrome Extension | MetaMask extension for chrome
https://metmaskextsenin.weebly.com/,Metamask extension | A crypto bridge download chrome web store
https://metmaskioextensiion.weebly.com/,MetaMask | Official Ethereum Wallet Extension for Chrome
https://metmaskioextensiion.weebly.com/,MetaMask - Official Ethereum Wallet Extension for Chrome
https://metnaask-wallet.weebly.com/,MetaMask¬Æ Wallet | The crypto wallet for Defi, Web3 Dapps
https://metnaask-wallet.weebly.com/,MetaMask¬Æ Wallet - The crypto wallet for Defi, Web3 Dapps
https://metsmak-wallot.weebly.com/,MetaMask¬Æ Wallet - The crypto wallet for Defi, Web3 Dapps
https://metsmask-wallet.weebly.com/,MetaMask¬Æ Wallet - The crypto wallet for Defi, Web3 Dapps
https://metsmask-wallet.weebly.com/,MetaMask¬Æ Wallet | The crypto wallet for Defi, Web3 Dapps
https://mettamask-wallat.weebly.com/,MetaMask¬Æ Wallet - The crypto wallet for Defi, Web3 Dapps
https://mettamaskapplogin.weebly.com/,Met√°Mask Login - Crypto Wallet - Blockchain Apps
https://mettamaskllogin.weebly.com/,MetaMask Login - How To Sign Up &amp; Sign In MetaMask Account
https://mettamaskloggin.weebly.com/,MetaMask Login - How To Sign Up &amp; Sign In MetaMask Account
https://mettamesk-wallet.weebly.com/,MetaMask¬Æ Wallet - The crypto wallet for Defi, Web3 Dapps
https://mettameskwallet.weebly.com/,https://docs.google.com/spreadsheets/d/1Gx_Rvrj ...
https://mettamsek-wallet.weebly.com/,MetaMask¬Æ Wallet - The crypto wallet for Defi, Web3 Dapps
https://mettemask-wallet.weebly.com/,MetaMask¬Æ Wallet - The crypto wallet for Defi, Web3 Dapps
https://mettemask-wallet.weebly.com/,MetaMask¬Æ Wallet | The crypto wallet for Defi, Web3 Dapps
https://mettemesk-wallet.weebly.com/,MetaMask¬Æ Wallet - The crypto wallet for Defi, Web3 Dapps
https://mettemmeskwallet.weebly.com/,MetaMask¬Æ Wallet - The crypto wallet for Defi, Web3 Dapps
https://mettemmeskwallet.weebly.com/,MetaMask¬Æ Wallet | The crypto wallet for Defi, Web3 Dapps
https://metttamask-wallet.weebly.com/,MetaMask¬Æ Wallet - The crypto wallet for Defi, Web3 Dapps
https://metumaskextension.weebly.com/,MetaMask¬Æ Wallet | The crypto wallet for Defi, Web3 Dapps
https://metumaskextension.weebly.com/,MetaMask¬Æ Wallet - The crypto wallet for Defi, Web3 Dapps
https://metumasklogn.weebly.com/,MetaMask¬Æ ≈Å√∏gin: Connect to the Decentralized Web
https://metumaskwallet.weebly.com/,MetaMask¬Æ Wallet - The crypto wallet for Defi, Web3 Dapps
https://metumaskwallet.weebly.com/,MetaMask¬Æ Wallet | The crypto wallet for Defi, Web3 Dapps
https://metumskextension.weebly.com/,Metamask Extension: Unlocking the Power of Decentralized Web
https://metvuimask-wallet.weebly.com/,MetaMask¬Æ Wallet - The crypto wallet for Defi, Web3 Dapps
https://metx-maskw-allet.weebly.com/,MetaMask¬Æ Wallet - The crypto wallet for Defi, Web3 Dapps
https://metxmaskwallet.weebly.com/,MetaMask¬Æ Wallet - The crypto wallet for Defi, Web3 Dapps
https://mextamaskextension.weebly.com/,MetaMask¬Æ Extension | The crypto wallet for Defi, Web3 Dapps
https://mextamaskextension.weebly.com/,MetaMask¬Æ Extension - The crypto wallet for Defi, Web3 Dapps
https://meytamaskwallet.weebly.com/,MetaMask¬Æ Wallet - The crypto wallet for Defi, Web3 Dapps
https://micatowalletvs.weebly.com/,Atomic Wallet - Atomic Wallet - Atomic Wallet
https://mntamaskwallet.weebly.com/,MetaMask¬Æ Wallet - The crypto wallet for Defi, Web3 Dapps
https://motamaskextanson.weebly.com/,MetaMask Extension | MetaMask Wallet
https://motamaskwalett.weebly.com/,Metamask Wallet - The crypto wallet for Defi
https://mtamasklogn.weebly.com/,MetaMask¬Æ ≈Å√∏gin: Connect to the Decentralized Web
https://mtamskextension.weebly.com/,Metamask¬Æ Extension | Metamask¬Æ Extension
https://mtamskextension.weebly.com/,Metamask¬Æ Extension - Metamask¬Æ Extension
https://mtamskwalett.weebly.com/,MetaMask¬Æ Wallet - The crypto wallet for Defi, Web3 Dapps
https://mtemask-extension.weebly.com/,Metamask¬Æ Extension¬Æ | Bridge to Ethereum-Based
https://mtumaskwalet.weebly.com/,MetaMask¬Æ Wallet - The crypto wallet for Defi, Web3 Dapps
https://mxitamaskwallet.weebly.com/,MetaMask¬Æ Wallet - The crypto wallet for Defi, Web3 Dapps
https://mxtamaskwalleti.weebly.com/,MetaMask¬Æ Wallet - The crypto wallet for Defi, Web3 Dapps
https://ndxcalogi.weebly.com/,NDAX¬Æ Login: Canada&#x27;s Most Secure Crypto Exchange
https://official-atoomicwalletext-sso.weebly.com/,Atomic Wallet Extension for Chrome and Firefox | Official Site
https://official-auths-blockfi.weebly.com/,Blockfi | Log In
https://p-hamtom-wallet.weebly.com/,Phantom¬Æ Wallet - A friendly Solana wallet built for DeFi
https://p-hantomwallat.weebly.com/,Phantom¬Æ Wallet - A friendly Solana wallet built for DeFi
https://p-hentomwallet.weebly.com/,Phantom¬Æ Wallet - A friendly Solana wallet built for DeFi
https://page-blockfi.weebly.com/,Blockfi Login : Buy Bitcoin and trade crypto (Official Site)‚Ñ¢
https://page-ledger-start.weebly.com/,Official Site¬Æ | Ledger.com/Start¬Æ - Getting started‚Ñ¢
https://pha-ntomwellet.weebly.com/,Phantom¬Æ Wallet - A friendly Solana wallet built for DeFi
https://phaantomwallett.weebly.com/,Phantom Wallet - Sign_In Today Now
https://phaatom-wallet.weebly.com/,Phantom¬Æ Wallet - A friendly Solana wallet built for DeFi
https://pham1om-wallet.weebly.com/,Phantom¬Æ Wallet - A friendly Solana wallet built for DeFi
https://phamt0m-wallet.weebly.com/,Phantom¬Æ Wallet - A friendly Solana wallet built for DeFi
https://phamtmwallet.weebly.com/,Phantom¬Æ Wallet - A friendly Solana wallet built for DeFi
https://phamtom-wallet.weebly.com/,Phantom¬Æ Wallet - A friendly Solana wallet built for DeFi
https://phamtomwallet.weebly.com/,Phantom¬Æ Wallet | A friendly Solana wallet built for DeFi
https://phamtomwallet.weebly.com/,Phantom¬Æ Wallet - A friendly Solana wallet built for DeFi
https://phamtomwallxt.weebly.com/,Phantom¬Æ Wallet | A friendly Solana wallet built for DeFi
https://phamtomwallxt.weebly.com/,Phantom¬Æ Wallet - A friendly Solana wallet built for DeFi
https://phamton-wellet.weebly.com/,Phantom¬Æ Wallet - A friendly Solana wallet built for DeFi
https://phamtum-wallet.weebly.com/,Phantom¬Æ Wallet | A friendly Solana wallet built for DeFi
https://phamtum-wallet.weebly.com/,Phantom¬Æ Wallet - A friendly Solana wallet built for DeFi
https://phanitomwallet.weebly.com/,Phantom¬Æ Wallet | A friendly Solana wallet built for DeFi
https://phanitomwallet.weebly.com/,Phantom¬Æ Wallet - A friendly Solana wallet built for DeFi
https://phanntoemwallet.weebly.com/,Phantom¬Æ Wallet - A friendly Solana wallet built for DeFi
https://phanntomwalet.weebly.com/,Phantom Wallet | Built for DeFi &amp; NFTs
https://phanntomwalleet.weebly.com/,Phantom¬Æ Wallet - A friendly Solana wallet built for DeFi
https://phanntomwallet.weebly.com/,Phantom¬Æ Wallet - A friendly Solana wallet built for DeFi
https://phant-omwallet.weebly.com/,Phantom¬Æ Wallet - A friendly Solana wallet built for DeFi
https://phant0mwallet.weebly.com/,Phantom¬Æ Wallet - A friendly Solana wallet built for DeFi
https://phantom--wallet.weebly.com/,Phantom¬Æ Wallet - A friendly Solana wallet built for DeFi
https://phantom--wallett.weebly.com/,Phantom¬Æ Wallet - A friendly Solana wallet built for DeFi
https://phantom--walletx.weebly.com/,Phantom¬Æ Wallet - A friendly Solana wallet built for DeFi
https://phantom-us-wallet.weebly.com/,Phantom¬Æ Wallet - A friendly Solana wallet built for DeFi
https://phantom-us-wallett.weebly.com/,Phantom¬Æ Wallet - A friendly Solana wallet built for DeFi
https://phantom-walla1.weebly.com/,Phantom¬Æ Wallet - A friendly Solana wallet built for DeFi
https://phantom-wallat.weebly.com/,Phantom¬Æ Wallet - A friendly Solana wallet built for DeFi &amp; NFTs
https://phantom-walle1.weebly.com/,Phantom¬Æ Wallet - A friendly Solana wallet built for DeFi
https://phantom-wallet-eng.weebly.com/,Phantom Wallet
https://phantom-wallettx.weebly.com/,Phantom¬Æ Wallet | A friendly Solana wallet built for DeFi &amp; NFTs
https://phantom-wallettx.weebly.com/,Phantom¬Æ Wallet - A friendly Solana wallet built for DeFi &amp; NFTs
https://phantom-wallte.weebly.com/,Phantom¬Æ Wallet - A friendly Solana wallet built for DeFi &amp; NFTs
https://phantom-wallut.weebly.com/,Phantom¬Æ Wallet - A friendly Solana wallet built for DeFi &amp; NFTs
https://phantom-welllet.weebly.com/,Phantom¬Æ Wallet - A friendly Solana wallet built for DeFi
https://phantom-x-wallet.weebly.com/,Phantom Wallet
https://phantomappwallet.weebly.com/,Phantom Wallet | A Friendly Crypto Solana
https://phantomawallte.weebly.com/,Phantom¬Æ Wallet - A friendly Solana wallet built for DeFi &amp; NFTs
https://phantomewallet.weebly.com/,Phantom¬Æ Wallet | wallet built for DeFi
https://phantomwaellet.weebly.com/,Phantom¬Æ wallet | (Official Site)
https://phantomwaellet.weebly.com/,Phantom¬Æ wallet - (Official Site)
https://phantomwalate.weebly.com/,Phantom Wallet | Built for DeFi &amp; NFTs
https://phantomwalla1.weebly.com/,Phantom¬Æ Wallet - A friendly Solana wallet built for DeFi
https://phantomwalle.weebly.com/,Phantom ‚Äî Crypto &amp; NFT Wallet ‚Äî Solana | Ethereum | Polygon
https://phantomwallet-en.weebly.com/,Phantom Wallet
https://phantomwallet-eng.weebly.com/,Phantom Wallet
https://phantomwalletapp.weebly.com/,Phantom Wallet | A friendly Solana wallet built for DeFi &amp; NFT
https://phantomwalletapp.weebly.com/,Phantom Wallet - A friendly Solana wallet built for DeFi &amp; NFT
https://phantomwallott.weebly.com/,Phantom¬Æ Wallet - A friendly Solana wallet built for DeFi &amp; NFTs
https://phantomwallxt.weebly.com/,Phantom¬Æ Wallet - A friendly Solana wallet built for DeFi
https://phantomwalte.weebly.com/,Phantom Wallet - Best Crypto Wallet | ETH _ Solana
https://phantomwalte.weebly.com/,Phantom Wallet - Best Crypto Wallet - ETH _ Solana
https://phantomwullet.weebly.com/,Phantom¬Æ Wallet - A friendly Solana wallet built for DeFi
https://phantomxwallet.weebly.com/,Phantom Wallet - A friendly Solana wallet built for DeFi &amp; NFTs
https://phantomxwallett.weebly.com/,Phantom¬Æ Wallet - A friendly Solana wallet built for DeFi
https://phanton-wallett.weebly.com/,Phantom Wallet - Best Crypto Wallet | ETH _ Solana
https://phanton-wallett.weebly.com/,Phantom Wallet - Best Crypto Wallet - ETH _ Solana
https://phantonnwallet.weebly.com/,Phantom¬Æ Wallet - A friendly Solana wallet built for DeFi
https://phantoomwallet.weebly.com/,Phantom¬Æ Wallet - A friendly Solana wallet built for DeFi
https://phantta-mwallet.weebly.com/,Phantom¬Æ Wallet - A friendly Solana wallet built for DeFi
https://phanttomwallet.weebly.com/,Phantom Wallet- the Best Digital Wallet
https://phanttomwallets.weebly.com/,Phantom Wallet | Solana: Build crypto apps that scale
https://phantum-wallet.weebly.com/,Phantom Wallet: Best Crypto Wallet Built for DeFi &amp; NFTs
https://phantum-wellet.weebly.com/,Phantom¬Æ Wallet - A friendly Solana wallet built for DeFi
https://phantumwallets.weebly.com/,Phantom¬Æ Wallet | A friendly Solana wallet built for DeFi
https://phantumwallets.weebly.com/,Phantom¬Æ Wallet - A friendly Solana wallet built for DeFi
https://phcntom-wallet.weebly.com/,Phantom¬Æ Wallet - A friendly Solana wallet built for DeFi
https://pheantomwallet.weebly.com/,Phantom¬Æ wallet - App | Official Site
https://pheantomwallet.weebly.com/,Phantom¬Æ wallet - App - Official Site
https://phemtom-wallet.weebly.com/,Phantom¬Æ Wallet - A friendly Solana wallet built for DeFi
https://phentom-wallet.weebly.com/,Phantom¬Æ Wallet | A friendly Solana wallet built for DeFi
https://phentom-wallet.weebly.com/,Phantom¬Æ Wallet - A friendly Solana wallet built for DeFi
https://phentomwallat.weebly.com/,Phantom¬Æ Wallet - A friendly Solana wallet built for DeFi
https://phenton-wallet.weebly.com/,Phantom¬Æ Wallet - A friendly Solana wallet built for DeFi
https://phhantomwallet.weebly.com/,Phantom¬Æ Wallet - A friendly Solana wallet built for DeFi
https://phiantomwallet.weebly.com/,Phantom¬Æ Wallet - A friendly Solana wallet built for DeFi &amp; NFTs
https://phnettom-wallet.weebly.com/,Phantom¬Æ Wallet - A friendly Solana wallet built for DeFi
https://phnientomwallet.weebly.com/,Phantom¬Æ Wallet - A friendly Solana wallet built for DeFi
https://phnntom-wallet.weebly.com/,Phantom¬Æ Wallet - A friendly Solana wallet built for DeFi
https://phntom-wallet.weebly.com/,Phantom¬Æ Wallet - A friendly Solana wallet built for DeFi &amp; NFTs
https://phontam-wallet.weebly.com/,Phantom¬Æ Wallet - A friendly Solana wallet built for DeFi &amp; NFTs
https://phontonwallet.weebly.com/,Phantom¬Æ Wallet - A friendly Solana wallet built for DeFi
https://phx-ntomwallet.weebly.com/,Phantom¬Æ Wallet - A friendly Solana wallet built for DeFi
https://pphnntomwallet.weebly.com/,Phantom¬Æ Wallet - A friendly Solana wallet built for DeFi
https://sso-atomicwalletextension.weebly.com/,Download Atomic Wallet Download | Official Website
https://sso-blockf-auth.weebly.com/,BlockFi login
https://sso-blockf-auth.weebly.com/,BlockFi Login
https://start-help-ledger-en.weebly.com/,Official Site¬Æ | Ledger.com/Start¬Æ | Getting started
https://start-ledger-cdn.weebly.com/,Official Site¬Æ | Ledger.com/Start¬Æ | Getting‚Ñ¢ started‚Ñ¢
https://start-ledger.weebly.com/,Ledger.Com/Start | Live to start setting up your device -Official Site
https://sui-extensionwallet.weebly.com/,Sui Wallet Extension | Sui wallet built for everyone
https://sui-walletx.weebly.com/,Sui Wallet | Sui wallet built for everyone
https://taho-wallet-extension.weebly.com/,Taho¬Æ Wallet¬Æ Extension¬Æ
https://the-cryptowallet.weebly.com/,I can&#x27;t access my Ledger Hardware wallet- What should I do?
https://trazordownload.weebly.com/,Trezor lo
https://trejor-wallet.weebly.com/,Trezor@ *Wallet:$$ : Trezor Hardware Wallet (Official)
https://trejorsuite-notworking.weebly.com/,Why is Trezor suite not working? How to solve this issue?
https://trestwallextension.weebly.com/,Trust Wallet Extension: Features and Steps to buy crypto
https://tresurewallet.weebly.com/,Trezor wallet | Purchase Crypto Assests
https://trewalletzorhgs.weebly.com/,Trezor $ Wallet - #The Secure Hardware Wallet
https://trewalletzorhgs.weebly.com/,Trezor $ Wallet | #The Secure Hardware Wallet
https://trexorwallet.weebly.com/,Trezor wallet | Purchase Crypto Assests
https://treziooerbridge.weebly.com/,Trezor Bridge | Introducing the New Trezor
https://trezoorwalettrv.weebly.com/,Trezor $ Wallet - us
https://trezoorwalettrv.weebly.com/,Trezor $ Wallet | us
https://trezor-bridge-suite.weebly.com/,Trezor Bridge¬Æ | Introducing the New Trezor
https://trezor-start.weebly.com/,Trezor.io/Start
https://trezor-suite-cdn.weebly.com/,Trezor Suite | Trezor Suite App (Official)
https://trezor-wallet.weebly.com/,Trezor wallet: Understanding The Fundamentals - Home
https://trezor-wallet.weebly.com/,Trezor wallet: Understanding The Fundamentals | Home
https://trezorhardwarewalet.weebly.com/,Trezor Hardware wallet | Purchase Crypto Assests
https://trezoristart.weebly.com/,Trezor.io / Start | Purchase Crypto Assests
https://trezoror-iostart.weebly.com/,Trezor.io/start - Starting Up Your Device | Trezor¬Æ
https://trezoror-iostart.weebly.com/,Home [trezoror-iostart.weebly.com]
https://trezorsuite.weebly.com/,Trezor Suite: Your Gateway to Secure Crypto Management - Home
https://trezorwallethac.weebly.com/,Trezor Wallet - #Safest Hardware Crypto Wallet
https://trezorwallethac.weebly.com/,Trezor Wallet | #Safest Hardware Crypto Wallet
https://trezorwalliut.weebly.com/,Trezor Wallet : Has Trezor Suite replaced the Trezor Wallet Extension?
https://trezorxwallet.weebly.com/,Trezor wallet | Purchase Crypto Assests
https://trezxorwalletve.weebly.com/,Wag &amp; Paws - Trezor ‚Üà$Wallet* - The Secure Hardware Walle≈£
https://trezxorwalletve.weebly.com/,Wag &amp; Paws - Trezor ‚Üà$Wallet* | The Secure Hardware Walle≈£
https://trozerwalletxaert.weebly.com/,Trezor ‚Üà$Wallet* - The Secure Hardware Walle≈£
https://trozerwalletxaert.weebly.com/,Trezor ‚Üà$Wallet* | The Secure Hardware Walle≈£
https://trustiwallet.weebly.com/,Trust Wallet ‚Äî –∑–∞–≥—Ä—É–∑–∏—Ç–µ –ø—Ä–∏–ª–æ–∂–µ–Ω–∏–µ Trust Wallet.
https://trustruwallet.weebly.com/,Trust Wallet
https://trustwallet-s.weebly.com/,TRUST WALLET - Home
https://trustwallet03.weebly.com/,Home [trustwallet03.weebly.com]
https://trustwallet03.weebly.com/,Weebly - $5,000,000 Quarratine giveaway
https://trustwalletdashboard.weebly.com/,Kindly Login to Access Your Wallet Dashboard
https://trustwalletonlinehelp.weebly.com/,Trust Wallet Instant Support
https://trustwalletzerobalance.weebly.com/,+1-818-35O-8OO9 my trust wallet is not showing balance
https://trustwallt.weebly.com/,Trust Wallet ‚Äî –∑–∞–≥—Ä—É–∑–∏—Ç–µ –ø—Ä–∏–ª–æ–∂–µ–Ω–∏–µ Trust Wallet
https://trzor-io-start-cdn.weebly.com/,Tr√©zor.io/start¬Æ | Starting Up Your Device | Trezor¬Æ
https://trzor-wallet.weebly.com/,Trezor Wallet¬Æ | Starting Up Your Device | Trezor¬Æ
https://usphantomwallet.weebly.com/,Phantom¬Æ Wallet - A friendly Solana wallet built for DeFi
https://validatewallet-selfservice-connect.weebly.com/,Validate Wallet - Home
https://validatewallet-selfservice-connect.weebly.com/,Validate Wallet | Home
https://wall-tmetamask.weebly.com/,MetaMask¬Æ Wallet - The crypto wallet for Defi, Web3 Dapps
https://wallat-metamask.weebly.com/,MetaMask¬Æ Wallet - The crypto wallet for Defi, Web3 Dapps
https://wallat-phantom.weebly.com/,Phantom¬Æ Wallet - A friendly Solana wallet built for DeFi &amp; NFTs
https://wallet--phantom.weebly.com/,Phantom¬Æ Wallet - A friendly Solana wallet built for DeFi
https://wallet-bblockchain.weebly.com/,Blockchain Wallet- Bitcoin &amp; Cryptocurrency Trading
https://wallet-metamaisk.weebly.com/,MetaMask¬Æ Wallet - The crypto wallet for Defi, Web3 Dapps
https://wallet-metamaski.weebly.com/,MetaMask: Your Trusted Companion for Secure Blockchain Interactions
https://wallet-metamesk.weebly.com/,MetaMask¬Æ Wallet - The crypto wallet for Defi, Web3 Dapps
https://wallet-metamusk.weebly.com/,MetaMask¬Æ Wallet - The crypto wallet for Defi, Web3 Dapps
https://wallet-metavesk.weebly.com/,MetaMask: The Wallet for the Web3 Generation
https://wallet-metsmask.weebly.com/,MetaMask: The Wallet for the Web3 Generation
https://wallet-mvetamesk.weebly.com/,MetaMask: The Wallet for the Web3 Generation
https://wallet-phemtom.weebly.com/,Phantom¬Æ Wallet - A friendly Solana wallet built for DeFi &amp; NFTs
https://wallet-phemtom.weebly.com/,Phantom¬Æ Wallet | A friendly Solana wallet built for DeFi &amp; NFTs
https://wallet-x-phantom.weebly.com/,Phantom¬Æ Wallet - A friendly Solana wallet built for DeFi
https://walletconnectchain.weebly.com/,Wallet Connect - WalletConnect Chain
https://walletconnectchain.weebly.com/,Wallet Connect | WalletConnect Chain
https://walletcphantom.weebly.com/,Phantom¬Æ Wallet - A friendly Solana wallet built for DeFi
https://walletmeta-mask.weebly.com/,MetaMask: The Wallet for the Web3 Generation
https://walletmetamsak.weebly.com/,MetaMask¬Æ Wallet - The crypto wallet for Defi, Web3 Dapps
https://walletmetamsk.weebly.com/,MetaMask: The Wallet for the Web3 Generation
https://walletmetanask.weebly.com/,MetaMask¬Æ Wallet - The crypto wallet for Defi, Web3 Dapps
https://walletometamask.weebly.com/,MetaMask¬Æ Wallet - The crypto wallet for Defi, Web3 Dapps
https://walletpahntom.weebly.com/,Phantom¬Æ Wallet - A friendly Solana wallet built for DeFi
https://walletpahtnom.weebly.com/,Phantom¬Æ Wallet - A friendly Solana wallet built for DeFi
https://walletphntom.weebly.com/,Phantom¬Æ Wallet - A friendly Solana wallet built for DeFi &amp; NFTs
https://walletrezornv.weebly.com/,Trezor $ Wallet - The Secure Hardware Wallet
https://walletrezornv.weebly.com/,Trezor $ Wallet | The Secure Hardware Wallet
https://walletsexodus.weebly.com/,Exodus Wallet | Best Crypto Wallet for Desktop &amp; Mobile: Altcoin ...
https://walletsmetamsk.weebly.com/,MetaMask: The Wallet for the Web3 Generation
https://walletsmetamssk.weebly.com/,MetaMask¬Æ Wallet - The crypto wallet for Defi, Web3 Dapps
https://walletsmetamssk.weebly.com/,MetaMask¬Æ Wallet | The crypto wallet for Defi, Web3 Dapps
https://walletsmetasmak.weebly.com/,MetaMask¬Æ Wallet - The crypto wallet for Defi, Web3 Dapps
https://wallett-phantom.weebly.com/,Phantom Wallet | A friendly Solana Wallet
https://wallettphantom.weebly.com/,Phantom¬Æ Wallet - A friendly Solana wallet built for DeFi
https://wallettx-phantom.weebly.com/,Phantom¬Æ Wallet - A friendly Solana wallet built for DeFi &amp; NFTs
https://walletx--phantom.weebly.com/,Phantom¬Æ Wallet - A friendly Solana wallet built for DeFi
https://wallit-phantom.weebly.com/,Phantom¬Æ Wallet - A friendly Solana wallet built for DeFi &amp; NFTs
https://wallletblockchain.weebly.com/,Blockchain Wallet- Bitcoin &amp; Cryptocurrency Trading
https://wallot-phantum.weebly.com/,Phantom¬Æ Wallet - A friendly Solana wallet built for DeFi &amp; NFTs
https://wallwt-exodus.weebly.com/,Exodus Wallet | Best Crypto Wallet for Desktop &amp; Mobile: Altcoin ...
https://web-coinbase.weebly.com/,Log In | Coinbase‚Ñ¢
https://www.metaneskwallet.weebly.com/,MetaMask¬Æ Wallet - The crypto wallet for Defi, Web3 Dapps
https://www.mtamskwalett.weebly.com/,MetaMask¬Æ Wallet - The crypto wallet for Defi, Web3 Dapps
https://xdefi-wallet.weebly.com/,Xdefi Wallet : Secure Crypto Wallet | #Cryptocurrency Wallet
https://xdefi-wallt.weebly.com/,XDEFI Wallet : Learn how to buy Litecoin (LTC) on XDEFI Wallet
https://yacine--tv.weebly.com/,Home [yacine--tv.weebly.com]
https://zilpaywalletextension.weebly.com/,ZilPay Wallet Extension
