http://atomicwalet.educatorpages.com/,Atomic Wallet - Buy, Stake and Exchange in One Crypto Wallet
http://atomicwalet.educatorpages.com/,Atomic Wallet | Buy, Stake and Exchange in One Crypto Wallet
http://atomicwalletio.educatorpages.com/,Atomic Wallet - a quick glance at the Pros and cons
http://atomicwalletio.educatorpages.com/,Atomic Wallet | a quick glance at the Pros and cons
http://atomicwallett.educatorpages.com/,Atomic Wallet | Atomicwallett
http://conbseprimelogin.educatorpages.com/,Our Classroom Website
http://enuupholdlogin.educatorpages.com/,Our Classroom Website
http://eturologin.educatorpages.com/,eToro Login | Quick &amp; Easy Ways to Sign into Your Account
http://exodusappwallet.educatorpages.com/,Exodus App Wallet
http://exoduswalet.educatorpages.com/,&lt;strong&gt;Exodus Wallet (Official) | Start Now -Exodus&lt;/strong&gt;
http://exohduswallet.educatorpages.com/,Exodus Wallet: Crypto Bitcoin Wallet
http://gometamaskwallet.educatorpages.com/,Go #MetaMask Wallet
http://kaikshwallet.educatorpages.com/,Kaikas Wallet | Sign In
http://kleverwallet.educatorpages.com/,klever Wallet
http://kuconlogin.educatorpages.com/,KuCóin Lógin | Login | Sign In
http://ledgerlieve.educatorpages.com/,Ledger Live- Why should you use it with your Ledger Wallet?
http://ledgerrlieve.educatorpages.com/,Ledger Live Wallet | Ledger Official
http://magicedenwallet.educatorpages.com/,Magic Eden Wallet: A Secure and User-Friendly Solution for NFT Enthusiasts
http://matamackwallet.educatorpages.com/,MetaMask | wallet
http://matamaskwallet.educatorpages.com/,MetaMask Wallet | Blockchain Wallet
http://matamaskwallet.educatorpages.com/,MetaMask Wallet - Blockchain Wallet
http://matamskwallet.educatorpages.com/,MetaMask | Wallet
http://metaamaskexteunon.educatorpages.com/,Metamask Extension : Ways to withdraw crypto out of MetaMask Extension?
http://metamask.educatorpages.com/,MetaMask | Wallet
http://metamaskchromeextension.educatorpages.com/,MetaMask Chrome Extension: Unlocking the Potential of Crypto Transactions
http://metamaskexhtanseon.educatorpages.com/,Our Classroom Website
http://metamaskextensionn.educatorpages.com/,Download Metamask Chrome Extension | Official Website
http://metamaskextoncion.educatorpages.com/,Metamask Chrome Extension : Different Ways to Download MetaMask Extension
http://metamaskhwallet.educatorpages.com/,MetaMask Wallet |Official Website
http://metamaskwalet.educatorpages.com/,MétaMask Wallet | The Safest Crypto Wallet
http://metamaskwalletextensi.educatorpages.com/,Download MetaMask Wallet Extension: Ensuring Secure and Seamless ...
http://metamaskwallets.educatorpages.com/,MetáMask Wállet - Blockchain Wallet
http://metamasskwallet.educatorpages.com/,MétaMask Wallet | The Safest Crypto Wallet
http://metamskhwallet.educatorpages.com/,MetaMask Wallet
http://metamskwallet.educatorpages.com/,MetaMask | Wallet
http://metemaskwallet.educatorpages.com/,MetaMask | Wallet
http://metmaskwallet.educatorpages.com/,MetaMask #Wallet
http://mettamasklogi.educatorpages.com/,Metamask Login
http://mettamasksignin.educatorpages.com/,Metamask Sign IN : Can We Set Up 2FA For Metamask Sign IN
http://okxlogin.educatorpages.com/,Okx | Login
http://phaantomwallett.educatorpages.com/,Phantom Wallet | A friendly Solana Wallet
http://phanrtomwallet.educatorpages.com/,Phantom Wallet: Buy, Send, Receive, Swap Tokens and Collect NFTS
http://phant0m.educatorpages.com/,Phantom Wallet - A friendly Crypto Wallet
http://phant0mwallet.educatorpages.com/,Phantom Wallet | Home Official Site
http://phantmlogin.educatorpages.com/,Phantom Wallet | A Friendly Crypto Solana
http://phantomhwallet.educatorpages.com/,Phantom | Wallet
http://phantomm.educatorpages.com/,Our Classroom Website
http://phantommwallet.educatorpages.com/,Phantom Wallet | A friendly Crypto Wallet | Sign In
http://phantomtowallet.educatorpages.com/,http://phantomtowallet.educatorpages.com/
http://phantomwalletextensions.educatorpages.com/,Download Phantom Wallet Extension: Empower Your Crypto Journey
http://phantomwallets.educatorpages.com/,Phantom Wallet | A friendly Crypto Wallet
http://phanttomwallet.educatorpages.com/,Phantom Wallet - A crypto wallet you&#x27;ll love
http://phantumwallet.educatorpages.com/,Our Classroom Website
http://phtomwallet.educatorpages.com/,Phantom Wallet: A Best Solana wallet built for DeFi &amp; NFTs
http://roninwalleto.educatorpages.com/,Ronin Wallet - $ Welcome to Ronin - The Axie Infinity Wallet
http://treorwallet.educatorpages.com/,Trezor wallet
http://trezorrwallet.educatorpages.com/,Trezor Wallet
http://trezorwallet.educatorpages.com/,Trezor Wallet : The Safest Crypto Wallet
http://trezorwallett.educatorpages.com/,Trezór Wàllet | The safe place for your crypto
http://trezorwallt.educatorpages.com/,Our Classroom Website
http://trustwalletlogi.educatorpages.com/,Trust | Wallet
http://trustwalltextin.educatorpages.com/,Trust Wallet Extension: Features and Steps to buy crypto
http://uphold7login.educatorpages.com/,Buy &amp; Sell BTC, XRP, Equities And MORE
http://upholdologin.educatorpages.com/,Our Classroom Website
http://wallatmetamask.educatorpages.com/,MetáMask Wállet - Blockchain Wallet
http://wallatmetamask.educatorpages.com/,MetáMask Wállet | Blockchain Wallet
http://walletmetamask.educatorpages.com/,Wallet | MetaMask
http://walletphant0m.educatorpages.com/,Phàntom Wàllet - A friendly Crypto wallet built for DeFi &amp; NFTs
https://coin98wullet.educatorpages.com/,Our Classroom Website
https://coin98wullet.educatorpages.com/,Coin98 Wallet — The Ultimate DeFi Gateway: A Deep Dive
https://geminielogin.educatorpages.com/,Gémini Login | Log In
https://netcoinsloginn.educatorpages.com/,Netcoins Login - Buy &amp; sell crypto | Official Website
https://panda95wallet.educatorpages.com/,Our Classroom Website
https://panda95wallet.educatorpages.com/,Educator Pages - Our Classroom Website
https://phant0mwallt.educatorpages.com/,Phantom Wallet | A Friendly Crypto Solana
https://rbinhoodlogi.educatorpages.com/,Our Classroom Website
https://saitamaskio.educatorpages.com/,saitamask Wallet
https://upholdnlogi.educatorpages.com/,Uphold login- The easiest place to buy/sell crypto online
